id,Attendance,Hours_Studied,Exam_Score
1,84,23,67
2,64,19,61
3,98,24,74
4,89,29,71
5,92,19,70
6,88,19,71
7,84,29,67
8,78,25,66
9,94,17,69
10,98,23,72
11,80,17,68
12,97,17,71
13,83,21,70
14,82,9,66
15,78,10,65
16,68,17,64
17,60,14,60
18,70,22,65
19,80,15,67
20,75,12,66
21,78,29,69
22,99,19,72
23,74,20,66
24,78,11,66
25,65,17,63
26,62,21,64
27,91,13,65
28,83,22,71
29,90,16,66
30,66,18,64
31,83,16,63
32,70,31,69
33,69,20,67
34,60,14,61
35,65,25,68
36,72,13,61
37,65,21,64
38,99,8,67
39,72,12,63
40,65,21,64
41,68,24,67
42,84,21,65
43,63,19,64
44,94,18,70
45,98,11,68
46,70,16,65
47,78,17,68
48,61,26,64
49,86,22,68
50,77,9,63
51,71,22,64
52,68,18,64
53,86,16,67
54,77,24,67
55,67,26,66
56,88,26,72
57,83,15,65
58,94,18,71
59,65,22,66
60,91,26,68
61,87,17,70
62,65,19,62
63,88,13,68
64,78,13,67
65,98,25,71
66,66,28,68
67,86,20,69
68,75,26,70
69,98,22,69
70,73,16,65
71,98,22,70
72,96,29,71
73,71,20,65
74,92,29,72
75,100,4,69
76,70,25,66
77,77,21,68
78,81,18,65
79,72,21,64
80,61,8,60
81,69,19,65
82,71,22,66
83,78,29,74
84,67,17,62
85,95,15,70
86,88,17,69
87,63,25,67
88,86,22,64
89,86,17,71
90,98,23,68
91,60,21,64
92,70,26,63
93,97,16,71
94,97,18,69
95,89,18,100
96,91,11,68
97,64,22,62
98,81,22,68
99,69,20,66
100,67,19,64
101,92,12,67
102,65,17,65
103,79,18,65
104,98,15,69
105,67,19,63
106,99,22,72
107,100,31,76
108,82,21,69
109,67,22,67
110,73,20,69
111,77,8,63
112,72,20,67
113,71,20,66
114,99,35,79
115,66,19,64
116,89,22,73
117,60,20,63
118,84,13,65
119,97,27,73
120,72,25,70
121,67,25,68
122,86,15,65
123,89,28,71
124,88,12,64
125,73,24,68
126,70,33,69
127,98,14,69
128,97,17,69
129,78,21,67
130,94,17,68
131,78,11,64
132,77,20,66
133,66,14,63
134,77,23,66
135,81,14,66
136,61,29,67
137,78,15,65
138,91,18,68
139,87,25,68
140,85,13,65
141,96,21,71
142,61,28,65
143,82,10,64
144,91,21,72
145,82,22,65
146,73,25,66
147,65,13,61
148,96,12,68
149,79,23,69
150,95,22,72
151,83,22,71
152,87,22,70
153,92,16,68
154,86,21,67
155,76,22,68
156,81,16,68
157,92,31,72
158,75,23,65
159,76,13,66
160,64,24,65
161,97,14,67
162,64,25,66
163,86,27,69
164,77,15,66
165,76,26,69
166,87,22,67
167,63,25,66
168,84,31,71
169,91,19,70
170,93,15,71
171,67,15,66
172,96,15,67
173,86,20,66
174,95,22,72
175,79,22,68
176,82,25,69
177,97,20,71
178,96,29,70
179,78,18,67
180,71,36,69
181,76,24,65
182,76,15,65
183,71,14,64
184,71,23,63
185,94,19,69
186,63,24,64
187,87,23,72
188,67,20,63
189,74,15,64
190,62,11,64
191,71,17,67
192,91,25,71
193,95,21,70
194,69,13,61
195,79,21,67
196,79,22,72
197,95,15,66
198,91,21,70
199,81,20,67
200,87,13,67
201,94,22,71
202,60,23,66
203,76,26,68
204,96,26,74
205,90,12,64
206,82,14,65
207,81,23,66
208,74,23,66
209,81,23,68
210,86,43,78
211,77,23,67
212,89,27,74
213,94,26,74
214,66,24,62
215,78,18,66
216,76,25,69
217,87,15,68
218,70,19,89
219,86,17,66
220,95,20,68
221,77,34,69
222,96,9,67
223,100,24,75
224,64,10,60
225,69,17,66
226,98,27,73
227,98,20,68
228,64,14,62
229,61,16,62
230,66,24,65
231,100,16,69
232,67,21,64
233,80,20,67
234,94,16,70
235,61,33,70
236,84,24,69
237,71,8,61
238,94,21,69
239,71,16,63
240,87,25,67
241,87,15,65
242,69,19,66
243,61,23,63
244,76,25,68
245,72,13,65
246,92,18,67
247,92,17,68
248,78,16,64
249,84,31,71
250,84,22,69
251,93,12,67
252,77,26,65
253,71,33,68
254,71,26,67
255,81,11,67
256,78,17,66
257,78,28,70
258,64,16,65
259,89,23,69
260,69,25,65
261,68,14,63
262,77,20,67
263,69,1,61
264,83,14,65
265,75,18,66
266,78,13,66
267,81,30,69
268,68,11,63
269,66,17,65
270,95,21,67
271,77,29,69
272,76,11,65
273,61,27,65
274,80,20,65
275,82,14,67
276,82,23,66
277,88,21,72
278,67,16,66
279,70,20,65
280,92,18,69
281,98,21,68
282,65,24,64
283,80,30,69
284,69,13,59
285,62,33,68
286,73,8,60
287,66,19,62
288,88,24,67
289,81,22,68
290,66,16,64
291,60,19,65
292,92,17,65
293,67,16,63
294,84,25,70
295,73,22,66
296,83,16,68
297,73,25,66
298,63,22,63
299,69,25,66
300,68,24,65
301,77,15,66
302,86,17,67
303,71,24,66
304,60,24,63
305,81,20,66
306,84,21,67
307,99,28,71
308,84,16,67
309,79,23,69
310,83,19,67
311,97,19,72
312,93,27,70
313,73,25,67
314,69,25,64
315,71,28,67
316,80,20,69
317,90,24,68
318,80,18,63
319,63,22,68
320,89,19,70
321,92,21,66
322,72,24,68
323,87,15,67
324,77,33,69
325,96,14,66
326,94,13,68
327,81,27,69
328,88,25,70
329,95,24,74
330,80,24,70
331,73,20,66
332,90,15,69
333,69,20,64
334,76,16,62
335,95,26,70
336,89,19,68
337,76,15,65
338,69,18,65
339,74,22,71
340,71,17,66
341,67,15,61
342,90,21,67
343,70,21,65
344,78,17,65
345,75,17,65
346,99,21,73
347,76,11,62
348,63,12,60
349,64,16,61
350,84,19,67
351,84,22,70
352,77,29,69
353,77,25,66
354,62,19,64
355,81,20,68
356,80,14,67
357,66,20,64
358,64,18,65
359,65,22,66
360,64,15,63
361,84,23,68
362,68,29,66
363,70,19,63
364,67,22,63
365,98,24,74
366,94,18,70
367,69,21,68
368,73,20,66
369,68,21,63
370,80,15,67
371,61,20,62
372,87,23,71
373,81,29,72
374,96,26,72
375,67,33,68
376,92,15,66
377,92,25,70
378,65,21,66
379,76,33,72
380,67,15,64
381,70,15,63
382,71,16,61
383,82,7,62
384,76,17,68
385,98,15,68
386,65,21,63
387,99,22,70
388,69,31,68
389,91,26,72
390,74,17,67
391,66,15,61
392,94,23,69
393,72,12,61
394,86,31,75
395,83,27,68
396,79,17,65
397,80,10,67
398,89,28,75
399,64,19,64
400,87,27,70
401,96,10,67
402,62,16,63
403,66,20,65
404,89,20,67
405,77,17,86
406,76,24,67
407,65,14,63
408,80,19,66
409,65,21,65
410,79,23,67
411,91,24,69
412,70,13,66
413,79,11,64
414,100,28,73
415,87,22,66
416,94,16,68
417,77,29,70
418,91,21,69
419,62,27,67
420,65,20,62
421,68,32,68
422,76,31,72
423,94,19,69
424,74,26,66
425,86,24,70
426,88,28,71
427,83,14,65
428,74,24,70
429,83,26,65
430,74,9,62
431,63,13,62
432,100,8,70
433,65,18,66
434,63,24,67
435,95,29,72
436,72,20,66
437,86,30,68
438,73,12,62
439,76,10,64
440,70,20,65
441,74,22,66
442,76,20,64
443,89,8,67
444,80,19,69
445,98,12,68
446,62,24,64
447,80,22,68
448,83,14,64
449,97,17,71
450,62,14,61
451,83,20,68
452,94,26,73
453,70,14,64
454,95,23,72
455,61,17,65
456,89,15,68
457,97,19,71
458,86,14,65
459,78,17,66
460,62,13,63
461,97,32,74
462,79,20,66
463,61,16,63
464,88,21,72
465,79,19,69
466,65,19,67
467,69,24,66
468,63,25,64
469,83,17,67
470,85,17,69
471,80,18,65
472,93,6,64
473,94,11,65
474,85,28,72
475,61,30,66
476,88,19,66
477,77,23,67
478,83,22,69
479,86,38,73
480,74,27,69
481,97,19,68
482,65,14,61
483,87,10,63
484,60,21,63
485,97,15,68
486,65,11,63
487,64,16,66
488,73,14,65
489,75,30,68
490,69,25,66
491,83,20,66
492,78,29,70
493,61,20,61
494,73,15,61
495,92,29,71
496,88,23,67
497,89,14,70
498,88,19,69
499,72,15,65
500,64,12,61
501,71,26,68
502,93,31,74
503,99,12,67
504,80,23,70
505,60,16,59
506,66,17,64
507,73,16,66
508,83,15,63
509,63,20,61
510,98,15,68
511,75,22,65
512,97,20,69
513,91,19,68
514,90,15,69
515,84,17,67
516,85,25,70
517,86,23,68
518,85,14,67
519,82,21,67
520,99,25,75
521,89,10,63
522,91,23,70
523,95,16,70
524,69,23,64
525,63,15,59
526,79,9,63
527,81,10,67
528,93,20,68
529,78,22,68
530,83,15,97
531,81,24,66
532,62,10,61
533,85,20,70
534,93,13,65
535,66,16,64
536,84,20,69
537,84,15,64
538,67,18,61
539,65,26,64
540,99,17,68
541,76,25,67
542,69,13,62
543,67,23,66
544,87,29,72
545,84,5,68
546,86,15,71
547,64,23,65
548,96,19,68
549,76,22,65
550,73,16,64
551,78,21,65
552,76,19,65
553,95,27,73
554,97,22,72
555,72,22,64
556,95,18,69
557,91,17,69
558,97,17,70
559,70,22,83
560,83,17,68
561,71,22,84
562,93,32,75
563,60,25,67
564,83,18,69
565,74,27,71
566,73,18,66
567,86,8,65
568,94,14,70
569,84,9,66
570,94,18,74
571,71,20,66
572,81,30,68
573,78,22,68
574,60,19,62
575,82,25,71
576,86,7,63
577,84,21,69
578,89,25,71
579,83,11,66
580,63,27,64
581,65,22,65
582,84,18,69
583,71,24,66
584,63,34,67
585,77,21,65
586,82,21,65
587,73,17,67
588,89,15,66
589,86,25,69
590,73,15,64
591,90,20,70
592,86,17,68
593,85,23,68
594,82,22,69
595,60,26,68
596,88,17,70
597,75,18,67
598,98,14,72
599,93,17,69
600,84,22,69
601,70,25,64
602,68,14,63
603,74,25,70
604,79,28,70
605,72,22,66
606,81,31,70
607,67,15,66
608,99,13,68
609,64,9,61
610,97,29,72
611,97,24,69
612,81,20,63
613,89,22,72
614,77,13,65
615,85,35,74
616,74,21,62
617,72,21,65
618,83,24,68
619,80,23,66
620,83,21,71
621,71,15,62
622,75,23,65
623,63,31,68
624,62,28,70
625,70,30,67
626,63,17,63
627,64,14,63
628,93,19,69
629,62,20,66
630,86,27,70
631,71,10,63
632,95,29,72
633,79,19,65
634,72,17,67
635,81,14,63
636,75,10,65
637,83,25,67
638,65,20,80
639,100,12,68
640,77,12,63
641,74,18,64
642,88,30,73
643,75,18,66
644,93,11,66
645,78,19,66
646,89,18,69
647,64,4,59
648,94,20,68
649,89,19,67
650,68,24,64
651,66,31,65
652,73,27,68
653,99,18,70
654,70,13,62
655,78,35,72
656,61,20,62
657,76,20,68
658,83,20,69
659,98,21,73
660,81,19,69
661,93,17,67
662,82,17,65
663,62,20,63
664,73,17,66
665,83,16,66
666,98,21,70
667,94,18,69
668,69,29,70
669,69,4,58
670,68,27,67
671,97,27,73
672,94,8,66
673,91,18,70
674,76,18,67
675,80,12,60
676,79,15,65
677,70,13,63
678,80,31,72
679,61,26,62
680,65,28,70
681,95,24,70
682,90,13,64
683,77,17,64
684,81,23,67
685,75,13,64
686,90,24,72
687,91,19,66
688,91,18,66
689,89,24,71
690,68,23,66
691,74,18,64
692,79,27,66
693,73,14,62
694,90,24,70
695,73,24,69
696,66,18,65
697,76,22,70
698,99,12,70
699,69,26,67
700,84,19,69
701,77,17,62
702,63,26,67
703,80,16,65
704,88,12,65
705,81,11,65
706,95,24,69
707,72,12,63
708,63,31,66
709,97,8,67
710,75,30,69
711,83,21,67
712,92,19,70
713,73,17,67
714,89,22,70
715,65,20,65
716,72,27,63
717,66,21,64
718,92,21,69
719,69,18,60
720,89,20,69
721,98,22,72
722,81,10,63
723,82,12,63
724,78,24,66
725,73,21,70
726,79,19,68
727,84,20,69
728,99,22,72
729,98,17,67
730,94,15,68
731,96,21,70
732,79,14,68
733,86,22,69
734,96,10,68
735,76,26,66
736,98,23,72
737,77,22,67
738,84,26,70
739,88,30,73
740,98,26,73
741,70,9,60
742,90,12,67
743,81,16,69
744,71,20,65
745,91,23,70
746,82,16,68
747,86,21,66
748,73,15,65
749,79,16,64
750,85,12,67
751,76,14,65
752,68,12,64
753,98,14,67
754,80,26,70
755,89,14,63
756,76,36,71
757,74,23,68
758,76,21,67
759,76,15,67
760,82,24,68
761,82,17,66
762,80,21,68
763,65,35,70
764,80,19,67
765,67,27,67
766,65,16,62
767,97,20,67
768,84,31,70
769,86,16,72
770,76,31,70
771,96,24,94
772,86,17,66
773,91,24,69
774,75,26,68
775,98,24,71
776,93,11,69
777,94,16,67
778,67,19,64
779,71,20,63
780,71,24,66
781,71,21,66
782,94,12,69
783,61,22,64
784,63,24,62
785,71,23,66
786,68,26,70
787,69,25,67
788,92,23,68
789,83,20,67
790,60,10,62
791,77,23,67
792,76,21,68
793,65,22,64
794,87,12,64
795,88,14,66
796,89,26,72
797,89,20,72
798,60,24,66
799,98,20,72
800,93,20,69
801,96,26,72
802,61,17,60
803,97,21,69
804,92,17,68
805,93,17,69
806,64,18,62
807,90,21,71
808,98,17,70
809,87,28,68
810,83,15,68
811,98,19,70
812,78,17,65
813,84,29,73
814,79,21,66
815,97,26,71
816,63,11,62
817,80,22,68
818,87,25,70
819,92,20,68
820,83,26,71
821,96,17,70
822,98,28,72
823,63,34,69
824,76,18,63
825,61,17,62
826,73,29,68
827,81,29,70
828,96,17,69
829,94,17,68
830,65,18,65
831,64,12,59
832,84,14,66
833,81,14,64
834,71,15,63
835,96,20,72
836,97,21,67
837,76,29,94
838,96,14,70
839,75,26,66
840,89,19,69
841,79,20,64
842,65,24,63
843,97,13,71
844,78,22,65
845,89,21,68
846,75,23,64
847,61,22,64
848,64,35,66
849,80,16,68
850,88,17,67
851,73,16,66
852,88,17,68
853,88,16,66
854,88,27,71
855,80,29,71
856,97,17,68
857,80,15,64
858,78,23,67
859,68,17,64
860,72,24,68
861,62,21,62
862,85,11,64
863,70,29,70
864,72,31,68
865,91,16,69
866,73,18,65
867,70,22,67
868,67,22,65
869,91,24,71
870,65,32,65
871,78,19,66
872,80,15,65
873,87,12,65
874,85,16,68
875,92,20,68
876,62,31,67
877,72,17,65
878,71,21,66
879,66,20,63
880,72,27,70
881,72,35,72
882,81,17,67
883,87,17,67
884,75,26,66
885,89,24,66
886,73,31,69
887,72,24,62
888,82,18,66
889,61,24,64
890,63,27,67
891,77,25,71
892,98,23,73
893,89,26,68
894,64,27,66
895,94,28,75
896,89,24,72
897,84,19,68
898,93,21,68
899,76,27,69
900,69,15,63
901,80,22,70
902,82,18,66
903,82,20,66
904,83,28,72
905,98,21,71
906,96,20,72
907,95,12,69
908,92,24,71
909,98,24,69
910,64,33,68
911,71,18,61
912,80,21,68
913,94,21,72
914,80,29,70
915,90,19,73
916,66,22,67
917,70,24,65
918,89,21,68
919,67,17,65
920,74,21,97
921,71,26,66
922,74,14,67
923,88,21,70
924,75,16,66
925,82,27,69
926,64,11,62
927,92,17,68
928,75,22,67
929,86,29,68
930,89,20,69
931,68,17,62
932,95,31,75
933,85,11,65
934,77,7,63
935,67,23,66
936,98,17,71
937,90,14,66
938,68,24,66
939,74,21,66
940,92,17,71
941,88,12,68
942,91,25,71
943,78,24,68
944,89,19,68
945,75,31,68
946,68,14,62
947,85,11,65
948,99,16,71
949,72,20,63
950,78,21,68
951,87,19,69
952,82,22,69
953,94,12,71
954,90,29,71
955,62,20,62
956,100,27,70
957,90,22,70
958,95,23,73
959,86,23,71
960,94,23,69
961,64,24,66
962,74,28,65
963,95,21,71
964,68,24,68
965,63,19,64
966,92,29,71
967,93,16,67
968,67,31,66
969,94,20,71
970,87,11,62
971,81,21,67
972,93,16,67
973,77,25,66
974,68,16,64
975,71,17,62
976,80,9,65
977,81,17,63
978,92,5,64
979,92,10,65
980,83,25,68
981,91,25,72
982,68,23,64
983,62,14,62
984,95,20,69
985,63,20,64
986,70,13,61
987,88,29,72
988,76,25,66
989,95,19,69
990,72,20,65
991,60,21,64
992,72,8,62
993,83,19,66
994,75,16,62
995,81,14,66
996,95,18,70
997,96,31,75
998,71,24,67
999,78,17,66
1000,82,23,71
1001,98,28,75
1002,100,26,72
1003,69,20,64
1004,89,16,65
1005,75,24,67
1006,60,22,63
1007,60,25,62
1008,78,24,69
1009,80,26,70
1010,61,17,63
1011,87,28,71
1012,72,21,63
1013,82,32,71
1014,72,16,63
1015,67,30,68
1016,76,21,65
1017,69,16,66
1018,81,17,66
1019,68,18,66
1020,80,23,65
1021,66,23,66
1022,87,17,67
1023,90,20,68
1024,64,33,68
1025,79,30,69
1026,63,23,64
1027,84,20,67
1028,71,21,63
1029,81,24,67
1030,81,14,64
1031,97,18,66
1032,82,10,65
1033,83,22,68
1034,76,24,66
1035,98,17,71
1036,91,29,74
1037,71,13,65
1038,94,11,68
1039,77,21,68
1040,93,26,72
1041,93,30,74
1042,68,17,61
1043,88,26,65
1044,72,20,63
1045,72,19,66
1046,72,25,66
1047,89,24,73
1048,69,11,63
1049,60,29,68
1050,89,28,73
1051,67,16,63
1052,64,22,65
1053,70,23,66
1054,75,22,65
1055,79,17,66
1056,62,16,65
1057,99,20,70
1058,89,27,70
1059,73,23,68
1060,73,18,64
1061,78,25,68
1062,85,3,62
1063,66,27,68
1064,68,10,61
1065,94,18,69
1066,70,13,65
1067,75,12,65
1068,95,27,72
1069,87,17,70
1070,74,22,65
1071,87,20,69
1072,61,23,65
1073,89,20,69
1074,79,12,65
1075,93,26,72
1076,98,17,70
1077,97,11,64
1078,96,17,67
1079,80,29,69
1080,74,25,70
1081,79,18,65
1082,88,18,69
1083,95,18,74
1084,68,32,66
1085,97,22,72
1086,93,23,67
1087,99,26,75
1088,95,21,70
1089,71,18,63
1090,64,19,65
1091,64,20,64
1092,72,20,65
1093,85,24,70
1094,92,20,67
1095,96,24,67
1096,85,20,68
1097,60,20,65
1098,67,8,61
1099,64,25,63
1100,75,22,80
1101,80,26,69
1102,62,3,55
1103,74,33,70
1104,67,19,65
1105,86,27,68
1106,79,14,64
1107,80,24,69
1108,77,14,89
1109,98,16,67
1110,69,31,92
1111,81,19,67
1112,89,21,70
1113,82,25,68
1114,97,23,70
1115,75,21,67
1116,79,22,69
1117,64,34,67
1118,84,20,69
1119,72,21,63
1120,66,26,69
1121,82,27,66
1122,81,27,68
1123,63,24,69
1124,88,13,66
1125,85,30,72
1126,68,13,62
1127,79,22,67
1128,89,15,67
1129,81,20,67
1130,76,22,65
1131,73,22,67
1132,84,23,66
1133,98,30,70
1134,87,23,71
1135,63,19,64
1136,78,26,69
1137,96,27,72
1138,64,13,60
1139,100,24,71
1140,98,24,71
1141,63,18,66
1142,97,28,74
1143,75,19,64
1144,94,21,68
1145,77,19,66
1146,78,20,65
1147,85,13,64
1148,91,11,65
1149,61,30,69
1150,84,15,68
1151,67,14,62
1152,74,7,63
1153,74,16,65
1154,79,12,62
1155,73,30,67
1156,64,26,64
1157,66,16,61
1158,61,34,65
1159,79,26,67
1160,98,18,70
1161,65,5,59
1162,98,34,75
1163,89,12,67
1164,85,10,64
1165,86,26,72
1166,93,35,76
1167,64,28,69
1168,80,23,65
1169,88,24,72
1170,83,25,69
1171,93,25,71
1172,63,22,64
1173,88,21,74
1174,81,20,68
1175,75,15,66
1176,74,18,65
1177,85,10,67
1178,96,19,69
1179,80,14,66
1180,93,13,69
1181,76,21,67
1182,64,28,64
1183,62,26,67
1184,62,11,61
1185,75,14,61
1186,73,26,68
1187,89,14,66
1188,90,19,66
1189,62,23,68
1190,69,14,63
1191,71,21,66
1192,82,12,66
1193,66,16,66
1194,65,22,65
1195,98,10,69
1196,92,23,71
1197,67,20,66
1198,76,23,66
1199,74,21,65
1200,92,28,71
1201,80,21,69
1202,65,17,61
1203,90,21,70
1204,76,23,70
1205,71,20,65
1206,75,20,64
1207,80,16,68
1208,74,16,63
1209,70,12,63
1210,76,30,71
1211,61,13,58
1212,91,16,68
1213,67,16,65
1214,62,25,65
1215,86,18,68
1216,91,27,69
1217,93,16,71
1218,80,22,65
1219,68,15,64
1220,89,33,75
1221,88,13,67
1222,70,22,68
1223,96,24,72
1224,64,22,67
1225,99,19,72
1226,94,19,69
1227,88,20,68
1228,98,19,70
1229,89,26,69
1230,68,33,67
1231,78,17,63
1232,63,12,61
1233,76,19,66
1234,90,35,73
1235,75,15,67
1236,73,30,72
1237,84,30,69
1238,95,17,69
1239,62,23,63
1240,75,30,67
1241,66,18,63
1242,88,19,66
1243,64,17,62
1244,87,14,68
1245,71,16,65
1246,68,13,59
1247,97,20,72
1248,61,15,63
1249,78,21,68
1250,61,11,61
1251,79,22,65
1252,80,25,68
1253,73,8,61
1254,65,22,63
1255,75,27,67
1256,87,13,66
1257,91,30,75
1258,81,23,68
1259,84,16,65
1260,68,20,64
1261,71,23,67
1262,66,20,64
1263,70,23,67
1264,69,14,63
1265,81,21,67
1266,83,12,65
1267,98,19,70
1268,68,15,62
1269,86,16,69
1270,93,27,70
1271,82,27,68
1272,70,24,68
1273,71,13,64
1274,62,18,63
1275,72,27,68
1276,90,21,67
1277,62,34,68
1278,69,22,66
1279,88,21,67
1280,91,18,69
1281,78,21,68
1282,88,19,70
1283,76,24,68
1284,66,26,66
1285,76,15,67
1286,83,12,65
1287,98,9,67
1288,63,23,63
1289,80,13,64
1290,73,7,64
1291,80,22,66
1292,61,35,68
1293,73,20,67
1294,93,25,72
1295,82,20,67
1296,78,19,66
1297,71,26,66
1298,72,18,67
1299,75,22,65
1300,93,22,70
1301,99,16,69
1302,78,26,69
1303,76,19,66
1304,94,15,66
1305,77,23,67
1306,82,15,67
1307,69,20,67
1308,90,20,72
1309,81,27,68
1310,92,23,70
1311,91,20,69
1312,69,25,65
1313,89,28,72
1314,92,23,69
1315,74,20,68
1316,67,12,62
1317,60,14,60
1318,78,18,67
1319,74,16,67
1320,82,19,67
1321,68,20,63
1322,94,23,71
1323,70,20,66
1324,69,23,65
1325,79,20,69
1326,80,8,63
1327,69,14,64
1328,71,19,67
1329,67,13,62
1330,89,24,68
1331,91,29,71
1332,78,27,66
1333,89,19,69
1334,89,29,71
1335,66,21,66
1336,99,18,72
1337,93,16,70
1338,68,18,65
1339,67,18,64
1340,65,21,63
1341,66,21,63
1342,90,20,66
1343,79,23,68
1344,91,27,74
1345,90,26,71
1346,84,11,67
1347,87,5,66
1348,61,26,67
1349,72,12,62
1350,86,19,68
1351,60,13,62
1352,61,9,82
1353,94,23,70
1354,87,25,72
1355,71,17,64
1356,88,4,66
1357,92,17,68
1358,72,22,64
1359,61,11,61
1360,97,21,69
1361,74,20,68
1362,64,23,64
1363,80,21,67
1364,91,14,67
1365,69,27,65
1366,71,19,68
1367,70,20,67
1368,100,14,67
1369,68,17,64
1370,83,15,70
1371,97,19,69
1372,66,30,66
1373,99,12,69
1374,98,10,66
1375,95,29,73
1376,69,19,66
1377,85,16,69
1378,90,26,70
1379,99,16,71
1380,67,31,70
1381,91,24,69
1382,74,17,63
1383,67,33,71
1384,77,16,67
1385,92,24,73
1386,79,22,68
1387,82,28,69
1388,100,29,76
1389,76,20,68
1390,85,15,65
1391,75,23,66
1392,76,16,65
1393,88,32,69
1394,98,21,71
1395,82,18,66
1396,91,21,69
1397,64,12,59
1398,68,14,65
1399,80,27,72
1400,61,16,60
1401,70,14,64
1402,81,23,69
1403,61,27,70
1404,71,24,67
1405,81,26,67
1406,83,15,64
1407,97,11,68
1408,86,29,72
1409,77,18,65
1410,97,18,70
1411,91,28,75
1412,68,23,65
1413,65,23,63
1414,87,33,71
1415,82,16,66
1416,92,26,69
1417,90,20,68
1418,85,22,71
1419,99,29,77
1420,81,23,70
1421,65,23,66
1422,93,26,73
1423,70,18,62
1424,91,15,65
1425,98,14,71
1426,88,8,66
1427,84,32,72
1428,78,13,64
1429,75,19,63
1430,74,18,63
1431,85,22,72
1432,90,25,71
1433,87,25,72
1434,68,17,65
1435,80,19,67
1436,92,22,68
1437,79,19,66
1438,81,30,72
1439,91,23,71
1440,86,24,70
1441,76,24,68
1442,96,27,72
1443,67,21,66
1444,100,12,69
1445,65,22,65
1446,61,16,62
1447,96,17,69
1448,70,24,65
1449,89,27,69
1450,92,20,69
1451,94,22,73
1452,100,30,75
1453,72,21,70
1454,88,36,74
1455,65,23,65
1456,76,9,63
1457,94,25,74
1458,75,22,67
1459,84,28,71
1460,80,24,68
1461,86,19,69
1462,99,13,71
1463,62,19,66
1464,83,15,65
1465,95,17,66
1466,79,24,65
1467,63,30,67
1468,82,22,70
1469,73,13,63
1470,66,23,64
1471,94,27,71
1472,81,16,68
1473,97,19,72
1474,92,20,71
1475,88,15,64
1476,60,24,64
1477,77,19,66
1478,68,23,68
1479,96,15,68
1480,67,17,65
1481,71,24,67
1482,81,18,64
1483,71,30,70
1484,68,18,65
1485,84,21,65
1486,64,26,68
1487,62,11,61
1488,75,9,63
1489,89,11,65
1490,82,28,69
1491,77,17,64
1492,83,35,69
1493,75,17,67
1494,97,21,74
1495,62,29,66
1496,87,32,72
1497,96,32,73
1498,92,27,73
1499,67,26,63
1500,72,24,69
1501,89,25,71
1502,63,17,63
1503,92,15,69
1504,89,20,72
1505,89,19,68
1506,64,17,62
1507,89,24,68
1508,87,26,71
1509,93,21,67
1510,62,29,65
1511,61,13,60
1512,75,19,68
1513,66,16,59
1514,82,9,64
1515,97,20,71
1516,76,19,68
1517,94,29,70
1518,60,24,62
1519,67,14,62
1520,61,31,68
1521,73,27,68
1522,96,23,74
1523,64,19,61
1524,84,14,67
1525,78,18,65
1526,98,27,101
1527,65,31,65
1528,68,29,67
1529,61,17,61
1530,77,13,64
1531,71,21,64
1532,95,9,67
1533,84,22,69
1534,85,19,69
1535,81,17,67
1536,64,10,62
1537,78,23,66
1538,100,17,72
1539,93,13,67
1540,96,3,66
1541,93,20,67
1542,64,31,67
1543,69,30,68
1544,60,17,63
1545,72,16,62
1546,64,23,65
1547,79,14,65
1548,87,22,70
1549,95,25,73
1550,90,27,73
1551,98,19,68
1552,62,19,63
1553,60,15,62
1554,86,15,69
1555,72,19,66
1556,70,22,68
1557,73,25,67
1558,71,15,65
1559,80,29,70
1560,78,18,64
1561,80,20,65
1562,87,16,67
1563,75,5,62
1564,70,25,66
1565,67,24,68
1566,74,18,64
1567,90,20,69
1568,90,23,69
1569,87,11,67
1570,69,17,61
1571,84,25,70
1572,83,12,65
1573,79,22,66
1574,82,12,66
1575,80,23,69
1576,83,20,67
1577,89,10,71
1578,64,27,68
1579,90,16,67
1580,65,15,63
1581,63,21,64
1582,99,27,73
1583,98,14,69
1584,62,20,65
1585,78,23,70
1586,67,24,67
1587,79,21,67
1588,93,18,70
1589,98,15,69
1590,85,21,68
1591,74,14,66
1592,84,2,62
1593,72,23,67
1594,96,25,71
1595,95,6,68
1596,82,14,66
1597,73,24,64
1598,72,32,71
1599,61,20,61
1600,93,16,67
1601,78,19,65
1602,73,28,66
1603,79,16,68
1604,93,15,66
1605,65,17,63
1606,94,14,66
1607,96,21,73
1608,98,30,88
1609,76,22,67
1610,69,18,69
1611,75,18,67
1612,73,11,64
1613,67,25,64
1614,84,20,65
1615,79,19,68
1616,95,39,77
1617,61,22,63
1618,86,15,69
1619,91,17,69
1620,90,27,70
1621,95,21,73
1622,89,11,66
1623,97,26,71
1624,73,16,66
1625,80,31,71
1626,61,26,66
1627,60,17,63
1628,70,28,70
1629,64,20,66
1630,70,25,66
1631,67,23,66
1632,61,15,62
1633,96,16,69
1634,60,26,63
1635,89,18,68
1636,66,18,64
1637,96,14,69
1638,96,23,71
1639,86,32,71
1640,87,14,66
1641,60,20,63
1642,99,28,72
1643,95,20,70
1644,96,23,71
1645,86,14,65
1646,74,23,65
1647,96,19,67
1648,72,26,68
1649,83,27,70
1650,64,36,70
1651,97,23,72
1652,66,22,65
1653,69,21,65
1654,82,18,71
1655,91,22,74
1656,85,18,64
1657,69,21,64
1658,60,28,65
1659,90,14,67
1660,99,27,73
1661,92,28,72
1662,78,19,65
1663,96,7,67
1664,76,16,66
1665,81,28,70
1666,79,20,66
1667,78,14,66
1668,91,17,68
1669,81,25,68
1670,73,23,67
1671,70,19,65
1672,62,18,64
1673,83,18,70
1674,69,14,63
1675,66,30,65
1676,86,18,67
1677,87,27,71
1678,90,29,73
1679,80,26,67
1680,96,17,72
1681,97,22,71
1682,92,20,72
1683,85,15,68
1684,72,22,65
1685,99,13,68
1686,71,27,67
1687,68,17,66
1688,78,21,64
1689,62,22,65
1690,99,18,69
1691,84,24,68
1692,82,17,69
1693,86,25,70
1694,80,12,65
1695,61,21,63
1696,84,32,71
1697,89,14,68
1698,77,16,70
1699,90,23,72
1700,69,21,64
1701,69,22,64
1702,66,23,66
1703,75,24,69
1704,94,27,71
1705,93,22,69
1706,75,19,67
1707,84,24,66
1708,89,31,71
1709,70,19,63
1710,67,14,62
1711,99,27,73
1712,85,19,66
1713,99,7,72
1714,74,25,67
1715,88,17,65
1716,69,19,66
1717,70,22,68
1718,80,21,69
1719,73,24,68
1720,67,17,61
1721,71,23,68
1722,61,18,64
1723,88,24,67
1724,80,24,68
1725,64,14,61
1726,67,27,66
1727,64,17,64
1728,85,25,67
1729,64,22,64
1730,90,31,72
1731,61,19,62
1732,70,18,63
1733,96,20,70
1734,89,18,69
1735,63,25,64
1736,93,10,66
1737,80,14,67
1738,94,14,71
1739,84,26,70
1740,87,30,69
1741,100,19,68
1742,69,19,64
1743,85,20,70
1744,78,27,69
1745,62,14,63
1746,61,21,60
1747,65,26,65
1748,86,23,67
1749,83,21,66
1750,82,26,68
1751,61,4,58
1752,79,24,67
1753,97,16,68
1754,76,9,62
1755,85,23,69
1756,91,28,73
1757,91,19,66
1758,81,26,67
1759,94,30,71
1760,76,28,66
1761,96,30,74
1762,70,24,67
1763,71,20,68
1764,62,10,61
1765,92,19,69
1766,77,15,65
1767,69,33,71
1768,69,19,61
1769,96,21,70
1770,93,23,70
1771,82,20,69
1772,85,30,70
1773,79,16,67
1774,76,21,63
1775,97,16,70
1776,65,12,61
1777,77,16,64
1778,74,20,65
1779,80,17,65
1780,78,16,66
1781,81,12,66
1782,66,20,63
1783,81,11,66
1784,70,25,64
1785,67,20,65
1786,63,11,62
1787,91,18,71
1788,77,15,63
1789,85,22,70
1790,89,28,70
1791,87,9,65
1792,79,21,66
1793,76,19,66
1794,75,24,68
1795,86,21,68
1796,80,15,69
1797,94,18,71
1798,95,15,69
1799,67,26,68
1800,65,20,67
1801,85,31,72
1802,72,20,68
1803,61,16,60
1804,96,11,68
1805,69,9,65
1806,97,10,67
1807,89,22,70
1808,91,23,70
1809,68,11,61
1810,69,25,68
1811,81,17,67
1812,67,21,62
1813,72,30,66
1814,73,25,69
1815,66,18,66
1816,68,15,64
1817,92,7,66
1818,67,16,63
1819,61,19,62
1820,85,14,65
1821,99,19,68
1822,73,20,65
1823,65,19,63
1824,83,16,68
1825,96,21,72
1826,91,23,69
1827,85,13,66
1828,73,28,68
1829,82,19,64
1830,64,20,61
1831,87,24,67
1832,89,21,68
1833,99,26,74
1834,70,22,67
1835,61,16,64
1836,82,22,69
1837,88,13,63
1838,92,21,67
1839,68,20,65
1840,70,19,67
1841,81,19,68
1842,73,9,62
1843,94,17,70
1844,79,21,67
1845,92,21,89
1846,83,14,65
1847,91,28,69
1848,73,15,64
1849,93,26,74
1850,71,23,64
1851,82,16,64
1852,69,31,67
1853,79,13,63
1854,73,26,68
1855,71,26,66
1856,99,16,68
1857,66,28,68
1858,91,18,69
1859,99,22,71
1860,61,22,65
1861,88,19,67
1862,70,25,65
1863,62,25,65
1864,76,10,80
1865,97,28,74
1866,60,10,59
1867,84,26,69
1868,80,27,66
1869,95,13,66
1870,63,18,65
1871,87,13,67
1872,87,19,69
1873,87,18,68
1874,98,25,73
1875,93,28,71
1876,62,28,67
1877,79,17,67
1878,76,19,66
1879,72,10,63
1880,78,15,65
1881,75,26,67
1882,77,30,69
1883,99,13,67
1884,64,16,66
1885,97,20,74
1886,79,22,69
1887,85,15,66
1888,93,23,69
1889,74,17,63
1890,77,20,65
1891,76,23,64
1892,75,20,64
1893,97,17,69
1894,93,19,73
1895,64,19,62
1896,64,18,62
1897,77,18,68
1898,64,30,66
1899,85,23,68
1900,66,18,66
1901,81,24,69
1902,60,18,62
1903,73,27,68
1904,87,22,67
1905,79,19,65
1906,99,23,69
1907,95,11,67
1908,74,13,64
1909,62,13,62
1910,94,21,71
1911,96,30,72
1912,93,33,74
1913,65,24,66
1914,100,23,72
1915,70,9,65
1916,89,17,67
1917,96,15,70
1918,69,16,62
1919,96,19,66
1920,72,17,65
1921,99,8,70
1922,71,24,69
1923,98,14,70
1924,62,21,66
1925,88,32,73
1926,81,14,69
1927,79,5,66
1928,69,18,65
1929,88,27,70
1930,68,32,70
1931,82,13,67
1932,70,23,68
1933,98,17,68
1934,61,19,61
1935,68,36,70
1936,70,11,65
1937,77,22,66
1938,69,23,67
1939,80,27,69
1940,95,21,69
1941,88,22,67
1942,83,18,66
1943,64,22,63
1944,88,18,67
1945,67,24,64
1946,91,18,68
1947,70,22,65
1948,77,20,65
1949,74,27,65
1950,94,20,70
1951,65,9,62
1952,83,28,68
1953,66,15,62
1954,88,16,68
1955,96,16,72
1956,77,28,70
1957,80,7,62
1958,97,39,79
1959,81,26,73
1960,80,21,68
1961,83,20,68
1962,88,22,69
1963,64,23,63
1964,93,24,74
1965,77,23,69
1966,63,21,61
1967,91,19,69
1968,75,19,64
1969,64,19,63
1970,85,27,68
1971,95,24,72
1972,96,2,65
1973,98,24,69
1974,95,21,70
1975,60,20,63
1976,75,18,62
1977,93,27,72
1978,75,26,69
1979,84,15,66
1980,84,22,71
1981,75,14,62
1982,96,12,68
1983,80,16,63
1984,79,25,66
1985,100,26,75
1986,80,23,69
1987,67,24,68
1988,81,23,69
1989,93,16,67
1990,91,23,73
1991,92,25,71
1992,88,25,71
1993,70,27,68
1994,94,24,70
1995,96,22,71
1996,68,26,69
1997,65,20,63
1998,99,15,71
1999,95,19,69
2000,96,16,71
2001,95,16,68
2002,82,19,68
2003,86,15,66
2004,82,18,67
2005,62,9,59
2006,90,21,66
2007,80,20,64
2008,86,15,64
2009,80,24,69
2010,80,26,69
2011,67,10,61
2012,71,15,62
2013,66,15,61
2014,68,14,63
2015,99,25,71
2016,66,19,65
2017,71,18,68
2018,84,8,67
2019,84,24,70
2020,66,13,64
2021,92,20,71
2022,91,22,71
2023,69,28,67
2024,72,12,63
2025,98,2,66
2026,93,21,70
2027,88,31,70
2028,63,27,67
2029,77,21,69
2030,82,17,66
2031,67,25,67
2032,78,14,65
2033,84,23,72
2034,73,23,68
2035,91,26,72
2036,94,37,76
2037,73,22,65
2038,94,17,68
2039,64,20,65
2040,94,9,66
2041,66,16,63
2042,63,18,63
2043,86,17,66
2044,79,21,69
2045,96,15,72
2046,75,27,66
2047,71,20,64
2048,80,20,67
2049,78,18,67
2050,74,21,66
2051,88,25,68
2052,90,15,65
2053,94,16,71
2054,99,18,71
2055,71,12,62
2056,89,15,69
2057,76,17,65
2058,87,25,70
2059,79,22,66
2060,100,21,70
2061,89,25,70
2062,98,19,69
2063,93,22,71
2064,96,19,69
2065,93,22,73
2066,78,17,65
2067,70,5,62
2068,75,19,67
2069,61,29,65
2070,81,26,65
2071,80,26,70
2072,81,27,70
2073,99,21,71
2074,96,21,71
2075,66,16,62
2076,75,18,65
2077,77,24,84
2078,74,27,68
2079,92,19,70
2080,81,17,68
2081,83,20,67
2082,94,24,69
2083,92,11,68
2084,65,6,59
2085,89,17,67
2086,77,13,63
2087,72,17,65
2088,62,19,63
2089,79,17,64
2090,74,29,72
2091,70,22,63
2092,88,22,66
2093,91,24,67
2094,70,13,66
2095,62,26,66
2096,94,20,68
2097,60,24,66
2098,97,14,68
2099,85,11,65
2100,73,25,67
2101,70,22,64
2102,60,15,59
2103,69,15,60
2104,66,27,65
2105,84,13,64
2106,67,30,66
2107,81,15,65
2108,84,24,69
2109,72,18,66
2110,61,24,65
2111,61,17,62
2112,61,19,60
2113,90,20,68
2114,73,14,64
2115,92,24,73
2116,77,17,64
2117,78,19,69
2118,81,14,63
2119,89,5,65
2120,71,19,65
2121,65,34,67
2122,82,25,67
2123,73,20,66
2124,78,18,68
2125,86,20,65
2126,80,23,66
2127,85,13,66
2128,82,27,69
2129,90,24,70
2130,88,24,71
2131,81,23,70
2132,87,20,68
2133,95,24,73
2134,77,24,68
2135,77,18,66
2136,91,17,67
2137,83,21,66
2138,63,29,69
2139,96,13,67
2140,61,11,61
2141,90,21,70
2142,90,20,70
2143,98,21,70
2144,62,21,64
2145,84,19,65
2146,77,29,70
2147,73,10,62
2148,64,15,64
2149,83,19,67
2150,79,10,63
2151,64,19,62
2152,84,30,72
2153,90,20,69
2154,91,21,72
2155,96,12,68
2156,76,16,64
2157,98,18,72
2158,95,18,73
2159,72,28,67
2160,66,23,64
2161,77,13,65
2162,76,21,67
2163,83,23,68
2164,83,27,72
2165,90,29,71
2166,80,14,66
2167,64,15,59
2168,94,12,68
2169,72,19,64
2170,99,23,70
2171,65,26,65
2172,98,20,72
2173,64,18,66
2174,69,21,68
2175,62,15,62
2176,88,33,70
2177,94,10,70
2178,77,21,64
2179,97,32,76
2180,84,20,67
2181,85,19,69
2182,94,18,68
2183,72,19,67
2184,74,28,69
2185,96,7,67
2186,96,29,73
2187,99,11,71
2188,96,18,70
2189,65,17,65
2190,93,24,73
2191,76,10,65
2192,100,23,73
2193,79,32,70
2194,82,12,66
2195,81,21,66
2196,73,16,64
2197,63,23,68
2198,96,20,70
2199,92,16,72
2200,66,23,66
2201,91,31,74
2202,85,19,67
2203,76,24,71
2204,70,12,60
2205,94,14,68
2206,88,23,69
2207,82,29,74
2208,84,22,71
2209,64,18,63
2210,79,20,66
2211,68,12,65
2212,68,24,60
2213,86,25,69
2214,96,17,69
2215,76,17,67
2216,68,22,65
2217,86,17,70
2218,95,20,71
2219,90,33,73
2220,95,19,70
2221,81,18,67
2222,90,16,67
2223,66,24,65
2224,74,19,69
2225,76,16,65
2226,80,28,68
2227,97,29,74
2228,95,16,68
2229,65,9,61
2230,67,26,67
2231,74,16,66
2232,72,25,69
2233,85,8,62
2234,96,25,71
2235,98,13,71
2236,86,24,72
2237,94,20,69
2238,81,14,67
2239,68,18,63
2240,81,24,68
2241,82,21,69
2242,90,24,65
2243,69,32,70
2244,75,11,65
2245,75,30,67
2246,98,21,72
2247,78,15,69
2248,90,12,69
2249,90,19,71
2250,71,26,67
2251,83,19,65
2252,96,29,70
2253,79,11,63
2254,98,20,71
2255,69,12,64
2256,63,22,69
2257,96,25,69
2258,94,17,70
2259,100,4,64
2260,87,21,70
2261,97,23,74
2262,93,22,69
2263,94,27,73
2264,83,14,66
2265,75,24,67
2266,97,27,76
2267,77,9,61
2268,82,22,68
2269,78,17,63
2270,83,20,67
2271,79,22,66
2272,62,17,62
2273,95,16,69
2274,78,20,67
2275,84,13,66
2276,66,13,63
2277,60,24,64
2278,70,13,64
2279,88,24,67
2280,64,23,66
2281,96,10,68
2282,69,16,62
2283,68,27,68
2284,67,14,63
2285,61,17,62
2286,91,23,72
2287,95,25,69
2288,85,18,67
2289,68,16,65
2290,71,29,69
2291,79,30,72
2292,98,26,70
2293,70,21,91
2294,89,15,65
2295,78,15,62
2296,72,23,65
2297,78,23,67
2298,63,28,67
2299,92,24,72
2300,70,11,60
2301,89,26,69
2302,63,14,61
2303,98,18,70
2304,68,22,68
2305,95,32,75
2306,92,39,75
2307,99,24,72
2308,79,19,66
2309,89,23,71
2310,75,25,70
2311,67,18,63
2312,78,31,72
2313,67,21,65
2314,99,23,71
2315,64,24,65
2316,84,23,69
2317,85,25,71
2318,82,16,68
2319,86,17,66
2320,65,13,60
2321,82,23,68
2322,71,25,67
2323,98,23,71
2324,90,30,74
2325,99,20,70
2326,62,24,63
2327,71,13,64
2328,68,18,66
2329,60,24,64
2330,70,25,69
2331,87,18,71
2332,69,20,64
2333,80,11,65
2334,96,18,69
2335,88,25,68
2336,76,23,68
2337,75,23,68
2338,78,20,65
2339,67,20,65
2340,85,16,66
2341,75,24,66
2342,94,23,71
2343,90,23,68
2344,84,17,65
2345,75,7,63
2346,68,27,66
2347,91,17,71
2348,79,15,65
2349,69,24,68
2350,68,18,66
2351,67,26,64
2352,91,24,70
2353,69,24,70
2354,81,12,66
2355,78,27,70
2356,83,22,71
2357,95,18,70
2358,95,21,70
2359,78,9,66
2360,61,22,64
2361,77,14,66
2362,84,12,68
2363,82,11,61
2364,86,27,72
2365,66,16,66
2366,86,29,68
2367,67,17,61
2368,90,10,67
2369,74,13,66
2370,88,27,74
2371,62,19,66
2372,76,17,67
2373,88,21,71
2374,69,23,66
2375,92,27,71
2376,85,29,72
2377,84,18,66
2378,74,12,62
2379,79,18,66
2380,84,22,69
2381,79,14,64
2382,88,14,69
2383,77,22,69
2384,68,20,64
2385,69,20,68
2386,60,15,63
2387,72,19,64
2388,90,14,69
2389,92,25,71
2390,68,26,67
2391,98,9,67
2392,80,14,66
2393,97,11,67
2394,88,16,68
2395,89,19,69
2396,63,11,62
2397,69,14,66
2398,60,14,63
2399,89,21,67
2400,74,20,68
2401,91,16,66
2402,74,21,66
2403,93,17,67
2404,65,18,66
2405,67,30,69
2406,74,28,72
2407,76,12,60
2408,74,25,68
2409,91,25,72
2410,64,13,64
2411,74,25,65
2412,93,29,76
2413,63,13,59
2414,98,14,67
2415,99,26,73
2416,64,22,64
2417,72,23,67
2418,75,22,69
2419,91,22,69
2420,84,12,67
2421,86,26,72
2422,90,27,86
2423,65,19,62
2424,93,20,69
2425,88,11,68
2426,83,23,99
2427,96,23,70
2428,88,20,68
2429,68,27,67
2430,77,18,66
2431,80,23,66
2432,62,14,62
2433,98,20,72
2434,65,19,64
2435,88,21,68
2436,80,18,66
2437,61,19,68
2438,97,25,75
2439,94,17,67
2440,81,10,65
2441,69,30,68
2442,65,28,67
2443,75,12,63
2444,70,24,67
2445,80,17,67
2446,99,22,73
2447,83,22,67
2448,96,19,71
2449,86,15,67
2450,79,16,68
2451,94,15,68
2452,79,15,66
2453,95,20,68
2454,72,16,63
2455,65,24,68
2456,94,29,74
2457,83,17,65
2458,96,21,69
2459,98,23,70
2460,62,23,65
2461,80,20,68
2462,75,24,65
2463,85,23,68
2464,92,13,68
2465,71,25,66
2466,82,25,70
2467,88,15,66
2468,65,20,64
2469,93,24,70
2470,84,19,68
2471,98,26,74
2472,74,34,71
2473,64,15,61
2474,80,12,64
2475,63,22,64
2476,99,24,73
2477,62,19,62
2478,90,29,71
2479,81,12,68
2480,75,24,67
2481,63,16,63
2482,85,30,71
2483,83,32,72
2484,71,15,66
2485,96,17,67
2486,72,25,66
2487,78,18,68
2488,82,20,64
2489,64,20,65
2490,97,8,66
2491,75,20,69
2492,63,16,64
2493,75,17,65
2494,84,29,72
2495,81,12,65
2496,88,25,70
2497,62,18,64
2498,71,18,62
2499,93,25,69
2500,63,22,62
2501,94,23,69
2502,64,26,66
2503,93,18,71
2504,74,16,66
2505,84,13,64
2506,66,15,63
2507,63,38,69
2508,69,27,68
2509,65,12,63
2510,72,12,64
2511,81,23,66
2512,84,23,71
2513,92,23,72
2514,86,18,88
2515,84,19,66
2516,76,22,65
2517,79,21,66
2518,77,7,62
2519,94,19,68
2520,69,15,65
2521,60,21,62
2522,86,38,74
2523,68,22,64
2524,96,18,72
2525,94,26,70
2526,63,23,65
2527,64,23,66
2528,80,24,67
2529,84,32,73
2530,71,13,65
2531,89,23,74
2532,84,14,66
2533,73,23,67
2534,61,14,58
2535,90,17,71
2536,69,18,63
2537,93,26,73
2538,77,26,68
2539,83,13,66
2540,95,20,68
2541,95,16,66
2542,75,12,62
2543,68,19,78
2544,91,18,68
2545,77,35,77
2546,68,23,65
2547,96,12,73
2548,68,17,64
2549,61,26,67
2550,61,33,69
2551,85,10,60
2552,86,9,66
2553,72,31,70
2554,73,22,66
2555,74,15,64
2556,87,23,70
2557,62,4,58
2558,97,20,69
2559,69,22,64
2560,100,26,72
2561,67,14,60
2562,91,21,70
2563,69,14,62
2564,63,22,66
2565,95,15,66
2566,94,18,65
2567,76,14,64
2568,88,24,72
2569,82,25,71
2570,94,19,68
2571,73,20,68
2572,81,11,64
2573,79,18,65
2574,74,20,64
2575,96,36,75
2576,67,13,61
2577,66,29,68
2578,83,26,70
2579,86,22,71
2580,68,31,66
2581,76,22,66
2582,98,22,70
2583,70,20,62
2584,87,27,72
2585,90,27,72
2586,78,16,63
2587,98,12,69
2588,89,19,68
2589,78,15,67
2590,83,20,71
2591,88,27,67
2592,84,17,62
2593,95,20,69
2594,74,20,67
2595,72,25,71
2596,69,7,87
2597,62,16,62
2598,62,21,64
2599,95,27,74
2600,87,17,69
2601,86,9,65
2602,85,24,66
2603,94,16,70
2604,79,13,68
2605,95,16,70
2606,74,19,68
2607,97,16,69
2608,88,7,66
2609,70,25,65
2610,83,28,71
2611,81,24,66
2612,66,13,61
2613,84,19,69
2614,73,20,65
2615,62,24,63
2616,98,24,73
2617,86,16,68
2618,95,20,70
2619,87,23,72
2620,74,29,68
2621,81,24,68
2622,87,25,71
2623,98,21,68
2624,70,28,70
2625,95,22,70
2626,97,15,69
2627,87,28,73
2628,97,24,72
2629,76,17,67
2630,98,17,69
2631,88,22,68
2632,62,23,64
2633,96,21,71
2634,79,22,68
2635,78,30,70
2636,83,26,72
2637,66,21,65
2638,79,26,70
2639,93,14,69
2640,61,22,64
2641,71,31,67
2642,60,19,65
2643,77,15,62
2644,89,16,68
2645,92,13,68
2646,98,15,68
2647,84,18,68
2648,70,12,62
2649,97,20,72
2650,91,25,69
2651,83,15,68
2652,88,29,71
2653,97,23,69
2654,88,26,71
2655,75,16,65
2656,89,25,68
2657,62,13,60
2658,75,25,68
2659,76,21,66
2660,67,23,66
2661,61,13,62
2662,65,15,61
2663,86,24,69
2664,92,14,69
2665,100,23,74
2666,74,12,62
2667,84,25,67
2668,97,13,69
2669,67,23,66
2670,89,24,72
2671,90,16,69
2672,64,23,65
2673,94,22,72
2674,93,17,69
2675,61,14,60
2676,64,8,61
2677,62,22,63
2678,73,11,63
2679,80,21,68
2680,81,18,68
2681,71,24,65
2682,96,18,71
2683,75,18,64
2684,62,24,65
2685,72,22,67
2686,81,22,67
2687,76,23,67
2688,71,11,87
2689,65,25,67
2690,93,24,72
2691,100,14,69
2692,73,19,65
2693,75,20,66
2694,85,19,70
2695,89,22,71
2696,76,29,67
2697,96,26,72
2698,82,12,63
2699,78,24,67
2700,86,28,72
2701,98,22,72
2702,92,27,70
2703,62,32,67
2704,73,26,68
2705,79,21,67
2706,73,26,70
2707,88,21,67
2708,93,20,71
2709,89,18,69
2710,100,29,74
2711,71,15,63
2712,95,29,72
2713,91,23,71
2714,74,12,64
2715,89,22,69
2716,64,7,62
2717,92,24,69
2718,81,25,68
2719,72,16,67
2720,86,21,71
2721,86,32,70
2722,68,17,63
2723,61,14,60
2724,77,29,69
2725,83,32,71
2726,95,20,69
2727,97,26,73
2728,81,28,73
2729,90,16,68
2730,78,17,67
2731,90,27,74
2732,68,30,68
2733,75,23,69
2734,85,15,69
2735,61,32,68
2736,89,17,66
2737,93,18,69
2738,76,22,66
2739,78,29,72
2740,94,25,69
2741,91,22,68
2742,72,23,66
2743,73,20,65
2744,87,23,71
2745,83,5,61
2746,66,18,63
2747,72,21,66
2748,96,13,69
2749,88,22,71
2750,99,19,73
2751,91,31,72
2752,98,29,73
2753,69,17,65
2754,91,19,71
2755,61,20,65
2756,87,17,67
2757,79,21,69
2758,74,15,63
2759,94,13,68
2760,94,24,70
2761,61,24,64
2762,84,15,64
2763,75,25,68
2764,77,16,65
2765,93,22,70
2766,72,25,66
2767,98,20,70
2768,67,23,66
2769,87,17,69
2770,87,19,69
2771,70,19,64
2772,73,16,64
2773,93,19,69
2774,90,11,67
2775,73,17,63
2776,81,18,67
2777,62,18,65
2778,68,19,64
2779,79,20,68
2780,63,23,64
2781,94,25,70
2782,89,16,70
2783,98,13,67
2784,88,14,69
2785,98,17,70
2786,82,18,69
2787,84,15,65
2788,99,12,66
2789,86,17,70
2790,61,21,63
2791,89,24,69
2792,96,17,74
2793,92,18,70
2794,83,14,66
2795,87,20,68
2796,100,15,67
2797,64,23,66
2798,87,9,65
2799,71,18,66
2800,86,22,69
2801,84,21,67
2802,66,36,69
2803,68,22,66
2804,85,14,64
2805,65,19,61
2806,71,9,61
2807,93,20,70
2808,73,15,65
2809,80,25,67
2810,98,17,69
2811,69,19,63
2812,76,16,66
2813,84,30,73
2814,90,18,68
2815,96,31,74
2816,97,25,70
2817,91,23,68
2818,69,22,67
2819,61,22,65
2820,75,8,66
2821,66,18,64
2822,88,25,72
2823,86,20,70
2824,62,12,60
2825,93,20,68
2826,70,30,71
2827,77,27,68
2828,87,20,67
2829,77,26,70
2830,78,18,65
2831,63,10,60
2832,76,14,65
2833,91,29,70
2834,97,18,69
2835,77,19,64
2836,77,18,67
2837,88,31,73
2838,98,30,74
2839,71,33,67
2840,78,19,66
2841,92,22,69
2842,84,11,64
2843,64,29,69
2844,85,13,66
2845,67,21,65
2846,80,13,67
2847,81,16,67
2848,95,15,68
2849,78,16,65
2850,71,17,66
2851,69,17,65
2852,95,25,71
2853,67,13,63
2854,77,21,70
2855,67,27,70
2856,91,17,67
2857,79,16,68
2858,74,19,63
2859,74,27,70
2860,94,21,69
2861,82,17,66
2862,89,23,70
2863,96,13,68
2864,96,24,70
2865,73,22,67
2866,98,18,69
2867,61,15,64
2868,75,15,62
2869,96,23,71
2870,71,27,69
2871,71,16,62
2872,72,23,66
2873,84,7,64
2874,78,16,66
2875,89,20,72
2876,96,15,71
2877,87,14,65
2878,68,16,65
2879,97,22,70
2880,71,19,68
2881,66,7,57
2882,64,7,59
2883,83,16,64
2884,65,23,67
2885,66,4,60
2886,72,17,67
2887,71,17,65
2888,84,28,71
2889,93,18,67
2890,90,22,69
2891,70,21,68
2892,70,7,59
2893,99,25,75
2894,60,21,59
2895,95,23,71
2896,68,44,71
2897,98,7,66
2898,74,30,69
2899,78,18,65
2900,88,22,68
2901,84,20,68
2902,73,17,67
2903,82,17,68
2904,89,22,68
2905,62,11,88
2906,60,25,66
2907,78,18,67
2908,65,13,63
2909,87,17,68
2910,69,28,65
2911,77,17,67
2912,68,22,67
2913,82,16,67
2914,65,25,64
2915,61,24,61
2916,62,31,65
2917,98,19,70
2918,66,24,67
2919,88,21,68
2920,63,28,65
2921,64,16,63
2922,80,24,72
2923,79,19,68
2924,98,20,73
2925,98,21,71
2926,91,22,70
2927,84,19,68
2928,78,21,68
2929,74,29,68
2930,98,26,71
2931,84,25,70
2932,83,17,67
2933,69,15,61
2934,62,26,64
2935,98,25,72
2936,73,29,67
2937,78,16,65
2938,65,19,64
2939,93,10,66
2940,61,18,62
2941,93,26,70
2942,66,17,64
2943,95,24,70
2944,89,19,66
2945,67,22,62
2946,83,13,63
2947,73,21,66
2948,67,2,58
2949,94,19,70
2950,76,10,63
2951,76,27,70
2952,67,25,65
2953,75,23,67
2954,95,29,73
2955,75,14,82
2956,98,30,71
2957,98,26,73
2958,66,19,65
2959,67,27,67
2960,95,13,67
2961,76,15,69
2962,60,16,61
2963,71,17,64
2964,84,14,64
2965,92,27,68
2966,65,18,62
2967,64,22,66
2968,97,17,70
2969,90,9,67
2970,84,22,70
2971,91,9,65
2972,77,20,65
2973,90,12,70
2974,75,32,72
2975,70,25,65
2976,89,21,71
2977,77,28,71
2978,99,15,72
2979,74,23,64
2980,97,21,72
2981,97,22,71
2982,70,28,66
2983,92,24,71
2984,77,22,67
2985,97,10,69
2986,78,14,67
2987,90,19,71
2988,79,21,66
2989,69,13,62
2990,68,34,67
2991,77,29,70
2992,90,24,72
2993,84,20,69
2994,88,19,70
2995,71,14,64
2996,79,20,65
2997,62,22,66
2998,93,13,68
2999,100,22,72
3000,76,19,65
3001,60,9,60
3002,67,15,63
3003,86,18,66
3004,84,31,73
3005,92,23,71
3006,70,12,59
3007,91,23,70
3008,88,11,63
3009,73,26,67
3010,82,17,65
3011,66,19,64
3012,78,28,71
3013,95,12,70
3014,77,12,63
3015,94,16,68
3016,84,26,67
3017,68,11,66
3018,83,3,63
3019,80,17,65
3020,76,23,66
3021,65,27,65
3022,77,17,65
3023,63,18,63
3024,64,27,65
3025,77,9,62
3026,72,18,66
3027,97,21,71
3028,75,23,64
3029,90,17,67
3030,81,20,68
3031,88,5,63
3032,70,16,64
3033,98,23,74
3034,81,14,68
3035,93,20,68
3036,75,23,69
3037,64,18,61
3038,87,21,69
3039,60,14,61
3040,79,19,67
3041,68,24,63
3042,85,21,68
3043,99,16,68
3044,79,21,67
3045,93,24,69
3046,80,8,64
3047,80,27,67
3048,97,18,70
3049,96,23,72
3050,91,27,71
3051,72,12,62
3052,82,16,67
3053,69,18,64
3054,78,15,64
3055,79,30,70
3056,93,15,68
3057,96,17,70
3058,77,21,65
3059,61,13,59
3060,94,18,69
3061,67,22,67
3062,85,18,68
3063,61,19,62
3064,76,17,65
3065,99,11,69
3066,64,22,65
3067,77,31,68
3068,72,20,68
3069,96,21,71
3070,95,24,71
3071,70,12,66
3072,63,30,71
3073,85,21,66
3074,73,30,66
3075,87,16,69
3076,61,31,65
3077,65,25,66
3078,87,23,67
3079,68,21,66
3080,94,19,69
3081,62,27,66
3082,69,21,64
3083,100,8,70
3084,77,13,62
3085,88,19,67
3086,67,22,60
3087,84,20,66
3088,89,27,72
3089,73,8,63
3090,93,21,69
3091,84,9,66
3092,76,25,69
3093,82,19,68
3094,83,23,66
3095,67,15,63
3096,76,28,70
3097,74,26,68
3098,76,24,68
3099,90,19,67
3100,79,23,67
3101,98,16,69
3102,72,25,68
3103,77,30,67
3104,91,26,70
3105,82,16,70
3106,82,22,66
3107,62,12,61
3108,76,23,68
3109,71,23,64
3110,100,9,66
3111,72,13,65
3112,95,18,73
3113,87,18,66
3114,74,13,65
3115,82,22,68
3116,94,22,69
3117,95,19,72
3118,66,15,63
3119,74,26,65
3120,73,30,69
3121,62,17,62
3122,84,16,66
3123,94,23,69
3124,75,18,67
3125,90,19,94
3126,85,24,71
3127,75,9,61
3128,66,28,68
3129,88,20,66
3130,94,18,71
3131,87,19,66
3132,61,20,60
3133,69,10,60
3134,63,29,66
3135,83,20,67
3136,90,23,67
3137,64,26,64
3138,94,14,66
3139,82,23,68
3140,88,18,70
3141,99,25,75
3142,63,7,86
3143,96,19,73
3144,65,16,61
3145,76,23,68
3146,94,23,70
3147,96,16,71
3148,80,16,71
3149,84,19,68
3150,88,15,70
3151,93,25,70
3152,65,18,62
3153,92,3,67
3154,79,18,68
3155,78,14,68
3156,77,10,64
3157,80,13,68
3158,98,21,69
3159,82,28,70
3160,98,22,73
3161,67,16,66
3162,89,23,68
3163,92,17,68
3164,87,16,65
3165,84,13,66
3166,83,9,62
3167,94,18,67
3168,93,21,73
3169,65,19,65
3170,94,18,70
3171,77,14,68
3172,70,24,67
3173,95,12,66
3174,77,25,65
3175,92,14,66
3176,71,15,66
3177,60,11,60
3178,80,17,66
3179,64,26,68
3180,90,23,72
3181,71,26,68
3182,78,23,67
3183,63,13,62
3184,71,18,66
3185,91,15,69
3186,66,28,64
3187,86,13,63
3188,97,25,74
3189,87,25,72
3190,92,31,71
3191,64,18,64
3192,70,24,65
3193,96,34,75
3194,89,16,69
3195,86,11,65
3196,87,9,60
3197,77,24,69
3198,62,9,65
3199,91,18,67
3200,87,23,70
3201,79,21,66
3202,96,23,69
3203,73,21,69
3204,72,28,68
3205,95,14,70
3206,92,16,66
3207,81,15,65
3208,65,25,65
3209,69,25,65
3210,86,23,69
3211,75,27,69
3212,93,13,65
3213,98,30,76
3214,92,29,72
3215,75,24,67
3216,92,31,74
3217,74,10,66
3218,67,17,66
3219,61,16,66
3220,75,24,71
3221,96,14,66
3222,70,25,65
3223,68,28,69
3224,99,24,69
3225,61,22,63
3226,91,14,68
3227,73,15,64
3228,61,27,64
3229,97,25,73
3230,66,20,66
3231,82,17,67
3232,71,8,63
3233,63,14,61
3234,62,31,71
3235,65,12,61
3236,63,21,62
3237,90,26,74
3238,79,12,65
3239,74,21,64
3240,77,26,66
3241,97,20,72
3242,96,37,76
3243,89,10,67
3244,95,26,71
3245,73,19,65
3246,75,25,68
3247,85,23,68
3248,85,16,67
3249,79,21,64
3250,76,9,60
3251,99,24,70
3252,93,22,73
3253,77,24,69
3254,89,26,70
3255,71,22,64
3256,64,21,64
3257,74,15,65
3258,76,16,62
3259,61,27,64
3260,93,29,72
3261,74,19,64
3262,83,20,67
3263,63,15,64
3264,67,27,61
3265,96,24,72
3266,84,32,70
3267,98,15,70
3268,100,18,71
3269,75,21,68
3270,72,24,68
3271,94,19,70
3272,100,15,73
3273,85,25,69
3274,92,24,71
3275,91,15,64
3276,74,28,68
3277,83,27,69
3278,93,21,70
3279,88,20,67
3280,61,23,66
3281,73,15,65
3282,66,20,66
3283,69,7,61
3284,96,25,71
3285,61,11,60
3286,69,29,66
3287,72,18,61
3288,85,19,68
3289,81,16,68
3290,69,18,65
3291,67,29,65
3292,69,5,60
3293,80,28,67
3294,71,22,65
3295,98,13,70
3296,79,14,64
3297,62,30,68
3298,89,14,69
3299,73,13,65
3300,86,27,71
3301,71,22,65
3302,83,14,65
3303,91,21,68
3304,97,14,66
3305,70,27,65
3306,73,26,71
3307,79,23,68
3308,97,22,70
3309,96,31,74
3310,64,20,62
3311,65,13,61
3312,80,23,70
3313,64,33,65
3314,74,14,62
3315,66,18,65
3316,85,22,68
3317,98,20,70
3318,100,14,68
3319,75,27,69
3320,84,34,73
3321,94,21,71
3322,65,15,63
3323,88,11,66
3324,76,22,67
3325,68,27,64
3326,76,23,66
3327,63,20,69
3328,88,16,72
3329,70,13,63
3330,72,25,67
3331,65,25,64
3332,95,11,68
3333,80,30,71
3334,83,23,67
3335,83,28,67
3336,76,12,64
3337,68,12,63
3338,90,19,72
3339,65,23,63
3340,64,31,67
3341,88,24,68
3342,68,19,64
3343,72,14,65
3344,79,27,68
3345,78,14,66
3346,88,30,73
3347,85,18,68
3348,86,30,72
3349,89,24,70
3350,72,19,66
3351,73,17,66
3352,78,18,66
3353,72,23,65
3354,99,20,71
3355,93,16,66
3356,67,19,63
3357,60,20,63
3358,62,7,58
3359,70,23,68
3360,65,14,61
3361,81,13,65
3362,94,10,67
3363,89,9,67
3364,69,12,62
3365,76,16,86
3366,80,32,71
3367,92,17,70
3368,94,21,71
3369,96,22,71
3370,80,21,70
3371,88,20,67
3372,64,13,60
3373,83,29,73
3374,70,31,67
3375,77,10,62
3376,85,14,67
3377,70,18,65
3378,62,14,61
3379,60,23,61
3380,61,16,60
3381,60,33,68
3382,64,27,65
3383,70,21,67
3384,69,26,67
3385,99,27,74
3386,72,17,64
3387,65,15,64
3388,82,20,67
3389,94,25,74
3390,87,21,69
3391,72,11,62
3392,82,15,66
3393,89,20,69
3394,89,20,68
3395,87,32,74
3396,95,12,68
3397,95,23,73
3398,83,29,70
3399,77,34,69
3400,86,18,68
3401,93,23,71
3402,60,23,64
3403,100,21,71
3404,67,19,65
3405,79,23,68
3406,95,5,67
3407,69,24,67
3408,79,21,67
3409,65,19,63
3410,76,32,68
3411,67,16,66
3412,75,18,67
3413,75,32,68
3414,100,15,72
3415,100,17,70
3416,65,19,62
3417,89,25,69
3418,62,21,61
3419,61,12,58
3420,64,17,63
3421,99,16,71
3422,98,20,70
3423,68,23,64
3424,66,23,63
3425,70,9,63
3426,81,26,71
3427,83,22,65
3428,69,28,68
3429,90,23,70
3430,72,27,68
3431,97,23,69
3432,86,28,70
3433,77,23,67
3434,92,19,69
3435,93,34,73
3436,72,25,68
3437,74,23,67
3438,97,12,67
3439,67,12,64
3440,62,22,63
3441,78,21,67
3442,92,16,70
3443,91,21,71
3444,97,30,74
3445,81,24,70
3446,64,13,59
3447,84,19,64
3448,91,15,67
3449,64,18,63
3450,67,18,66
3451,60,17,62
3452,84,12,65
3453,95,19,73
3454,87,17,70
3455,99,2,62
3456,63,32,68
3457,96,27,74
3458,93,18,96
3459,73,20,66
3460,99,13,69
3461,72,30,70
3462,96,31,73
3463,95,21,69
3464,90,26,71
3465,83,21,65
3466,65,12,62
3467,81,18,69
3468,74,21,65
3469,92,17,68
3470,90,19,65
3471,96,19,72
3472,61,20,67
3473,92,20,68
3474,98,14,68
3475,92,16,66
3476,65,12,62
3477,63,26,65
3478,61,7,60
3479,85,27,70
3480,85,28,68
3481,99,18,72
3482,76,4,63
3483,73,18,63
3484,85,20,67
3485,93,14,68
3486,97,17,69
3487,92,29,75
3488,77,24,67
3489,85,14,69
3490,94,10,65
3491,80,18,65
3492,69,19,63
3493,67,23,65
3494,60,17,58
3495,89,23,70
3496,64,32,66
3497,70,25,63
3498,72,20,62
3499,82,19,69
3500,76,18,66
3501,87,27,68
3502,62,16,62
3503,65,20,64
3504,80,20,65
3505,73,17,64
3506,72,12,65
3507,63,22,65
3508,96,20,70
3509,88,23,71
3510,65,17,65
3511,63,27,67
3512,99,15,68
3513,87,30,73
3514,77,10,64
3515,88,23,71
3516,90,23,70
3517,91,15,68
3518,79,23,68
3519,77,28,68
3520,60,7,59
3521,97,23,74
3522,84,5,62
3523,68,14,64
3524,97,30,76
3525,97,17,70
3526,100,13,69
3527,95,19,69
3528,100,32,74
3529,70,9,62
3530,94,14,70
3531,93,29,71
3532,69,31,68
3533,64,19,66
3534,99,13,67
3535,72,33,71
3536,95,30,74
3537,60,24,65
3538,61,15,60
3539,79,20,69
3540,70,19,65
3541,88,22,69
3542,83,29,70
3543,63,25,65
3544,67,14,57
3545,76,28,68
3546,67,22,67
3547,92,24,70
3548,77,29,68
3549,64,13,62
3550,79,20,67
3551,64,17,66
3552,65,11,60
3553,70,22,65
3554,94,35,75
3555,97,9,67
3556,93,20,71
3557,73,24,63
3558,71,21,67
3559,82,19,68
3560,89,12,65
3561,100,21,72
3562,65,15,61
3563,62,7,60
3564,88,27,72
3565,93,26,72
3566,94,20,70
3567,87,21,67
3568,98,26,71
3569,80,21,66
3570,97,25,72
3571,99,18,70
3572,94,28,71
3573,72,22,64
3574,68,21,66
3575,82,12,64
3576,78,22,67
3577,95,15,67
3578,64,16,64
3579,70,15,61
3580,90,14,99
3581,64,33,67
3582,73,28,72
3583,75,32,66
3584,85,13,68
3585,66,20,64
3586,94,12,69
3587,78,16,65
3588,97,14,66
3589,79,27,73
3590,71,18,63
3591,66,26,66
3592,60,24,65
3593,81,34,71
3594,64,11,58
3595,76,28,68
3596,84,27,69
3597,71,14,63
3598,67,26,66
3599,91,22,69
3600,98,19,69
3601,64,15,63
3602,66,16,65
3603,98,32,76
3604,62,20,67
3605,99,25,70
3606,60,15,60
3607,95,15,68
3608,72,26,68
3609,98,12,70
3610,73,18,68
3611,86,20,69
3612,63,21,62
3613,70,19,64
3614,91,22,71
3615,81,24,68
3616,97,24,72
3617,77,14,64
3618,95,18,73
3619,78,27,69
3620,99,25,70
3621,98,12,69
3622,73,22,64
3623,95,8,66
3624,94,20,69
3625,68,31,68
3626,85,14,65
3627,63,15,62
3628,93,25,75
3629,67,11,60
3630,63,16,63
3631,76,24,66
3632,83,16,67
3633,94,19,68
3634,99,24,72
3635,78,23,66
3636,62,22,63
3637,90,18,71
3638,83,22,67
3639,78,19,66
3640,72,23,66
3641,80,17,68
3642,74,19,66
3643,90,14,68
3644,82,20,68
3645,95,15,68
3646,82,13,66
3647,70,22,66
3648,94,21,70
3649,82,25,68
3650,68,17,65
3651,85,22,70
3652,74,23,66
3653,94,23,68
3654,78,15,64
3655,89,21,69
3656,64,22,65
3657,76,20,69
3658,99,7,66
3659,92,21,68
3660,66,33,70
3661,71,18,65
3662,73,16,65
3663,86,22,68
3664,90,22,67
3665,90,27,72
3666,80,12,70
3667,92,24,72
3668,77,24,71
3669,65,19,64
3670,83,22,69
3671,98,26,73
3672,92,25,70
3673,83,13,68
3674,86,25,71
3675,97,20,71
3676,77,20,66
3677,73,20,68
3678,99,19,70
3679,95,27,72
3680,73,19,66
3681,79,13,65
3682,77,18,66
3683,66,21,65
3684,98,27,72
3685,76,24,68
3686,95,15,68
3687,68,35,67
3688,82,22,68
3689,61,28,67
3690,91,19,69
3691,83,23,65
3692,85,25,70
3693,62,27,64
3694,68,26,66
3695,63,25,64
3696,72,18,66
3697,85,17,67
3698,83,22,68
3699,84,26,71
3700,82,19,67
3701,71,26,69
3702,70,29,67
3703,65,15,61
3704,94,15,68
3705,85,19,67
3706,67,22,64
3707,67,17,63
3708,95,28,72
3709,90,23,69
3710,86,20,66
3711,76,11,64
3712,70,12,61
3713,99,22,71
3714,92,7,63
3715,72,26,65
3716,94,19,71
3717,90,39,78
3718,72,34,73
3719,77,19,65
3720,67,19,66
3721,64,26,66
3722,89,30,74
3723,71,10,62
3724,93,9,66
3725,100,16,71
3726,63,23,67
3727,79,23,69
3728,92,26,72
3729,92,13,72
3730,90,6,65
3731,74,25,71
3732,78,15,64
3733,84,8,61
3734,99,21,69
3735,73,25,65
3736,97,19,69
3737,71,17,64
3738,100,19,69
3739,87,18,68
3740,79,12,63
3741,85,16,66
3742,71,23,65
3743,71,22,66
3744,65,21,67
3745,65,14,62
3746,74,19,66
3747,91,7,68
3748,84,21,68
3749,64,29,63
3750,94,11,66
3751,84,16,65
3752,98,22,72
3753,87,28,70
3754,67,17,63
3755,79,16,65
3756,86,8,65
3757,61,21,66
3758,61,32,68
3759,65,22,64
3760,70,20,66
3761,77,22,68
3762,79,20,64
3763,66,15,62
3764,87,25,67
3765,84,21,67
3766,72,20,65
3767,61,14,59
3768,63,28,66
3769,76,24,68
3770,66,17,63
3771,75,26,68
3772,85,17,68
3773,82,15,66
3774,69,15,63
3775,74,9,61
3776,85,23,68
3777,94,9,66
3778,90,13,69
3779,82,8,64
3780,74,19,68
3781,75,19,66
3782,95,18,68
3783,62,14,62
3784,100,13,68
3785,87,23,69
3786,87,17,70
3787,62,22,65
3788,84,15,68
3789,79,21,67
3790,64,28,64
3791,71,24,63
3792,96,18,67
3793,82,22,66
3794,77,19,67
3795,63,20,63
3796,89,18,69
3797,88,19,70
3798,85,21,70
3799,80,14,65
3800,77,14,64
3801,84,12,67
3802,69,10,61
3803,98,13,70
3804,84,21,68
3805,72,15,64
3806,78,23,68
3807,92,20,68
3808,66,8,63
3809,72,24,65
3810,87,25,69
3811,73,14,63
3812,92,23,69
3813,65,15,61
3814,91,21,69
3815,63,12,62
3816,61,9,58
3817,96,18,71
3818,83,19,69
3819,74,18,68
3820,69,13,61
3821,85,18,67
3822,80,22,68
3823,100,20,72
3824,99,21,71
3825,85,16,67
3826,78,27,68
3827,80,13,64
3828,87,23,73
3829,64,27,65
3830,73,23,67
3831,63,19,63
3832,63,17,63
3833,68,26,69
3834,79,11,68
3835,91,14,68
3836,79,18,69
3837,73,27,73
3838,63,22,66
3839,82,14,68
3840,71,18,65
3841,85,16,67
3842,99,16,70
3843,64,26,66
3844,68,12,64
3845,79,30,69
3846,99,25,71
3847,91,27,68
3848,96,17,68
3849,73,19,66
3850,100,11,70
3851,64,17,65
3852,62,23,63
3853,94,28,70
3854,97,13,67
3855,64,18,63
3856,65,19,64
3857,61,12,60
3858,64,24,62
3859,68,16,65
3860,99,19,69
3861,87,17,68
3862,91,15,66
3863,91,20,72
3864,81,19,68
3865,92,18,69
3866,84,16,65
3867,73,22,65
3868,82,30,70
3869,81,21,67
3870,93,26,73
3871,99,12,70
3872,76,21,66
3873,91,13,68
3874,64,11,61
3875,91,16,70
3876,75,27,66
3877,62,26,67
3878,75,21,69
3879,84,11,64
3880,65,19,65
3881,97,22,75
3882,63,21,63
3883,97,9,69
3884,88,15,68
3885,73,20,66
3886,76,23,66
3887,90,7,66
3888,84,19,68
3889,87,21,65
3890,76,25,70
3891,80,24,68
3892,100,23,70
3893,69,15,61
3894,77,9,61
3895,72,18,64
3896,91,26,71
3897,91,28,72
3898,72,24,66
3899,63,23,63
3900,60,22,62
3901,77,17,65
3902,76,19,66
3903,100,30,72
3904,79,14,68
3905,70,30,70
3906,96,18,70
3907,80,28,73
3908,84,12,67
3909,64,24,65
3910,75,16,65
3911,98,12,65
3912,84,21,70
3913,74,26,66
3914,85,15,65
3915,96,11,68
3916,71,19,66
3917,80,19,65
3918,98,23,71
3919,67,26,65
3920,89,20,70
3921,85,31,69
3922,87,21,71
3923,74,18,67
3924,73,10,64
3925,87,18,82
3926,69,18,66
3927,77,26,66
3928,68,23,65
3929,60,13,61
3930,99,21,72
3931,77,24,70
3932,99,29,71
3933,66,25,84
3934,83,25,72
3935,68,20,67
3936,92,22,72
3937,91,27,70
3938,65,12,62
3939,96,18,71
3940,68,15,62
3941,85,22,68
3942,99,27,74
3943,95,16,68
3944,98,6,64
3945,74,18,65
3946,64,25,66
3947,68,23,68
3948,80,23,67
3949,92,18,67
3950,66,12,63
3951,86,23,71
3952,73,15,63
3953,74,33,66
3954,86,23,67
3955,79,17,66
3956,92,16,70
3957,66,19,64
3958,92,19,71
3959,63,27,68
3960,68,21,64
3961,86,16,66
3962,94,31,72
3963,70,20,66
3964,73,25,70
3965,81,16,66
3966,68,22,68
3967,92,22,70
3968,91,9,64
3969,66,32,71
3970,79,28,72
3971,91,18,71
3972,73,13,63
3973,85,22,68
3974,62,21,63
3975,84,22,66
3976,66,21,63
3977,93,23,72
3978,74,29,70
3979,71,23,65
3980,94,14,67
3981,62,28,66
3982,76,30,69
3983,75,39,73
3984,71,13,66
3985,96,21,70
3986,90,8,68
3987,63,23,65
3988,89,17,67
3989,81,32,71
3990,96,15,70
3991,73,10,61
3992,83,17,69
3993,80,8,63
3994,80,25,67
3995,78,8,65
3996,68,20,63
3997,90,8,67
3998,78,18,66
3999,98,30,72
4000,70,22,68
4001,87,15,67
4002,98,20,72
4003,87,20,66
4004,95,23,73
4005,93,12,71
4006,74,24,65
4007,84,4,65
4008,66,16,65
4009,81,17,68
4010,69,24,70
4011,90,20,68
4012,81,12,62
4013,76,14,66
4014,71,21,65
4015,100,20,71
4016,63,17,61
4017,62,17,63
4018,69,24,67
4019,99,17,70
4020,99,19,73
4021,86,33,72
4022,95,11,69
4023,69,9,61
4024,99,25,71
4025,66,16,64
4026,64,18,61
4027,64,15,63
4028,83,18,65
4029,91,30,73
4030,75,25,68
4031,99,25,72
4032,77,12,62
4033,66,13,63
4034,79,3,58
4035,87,15,68
4036,93,26,74
4037,78,23,68
4038,84,19,67
4039,71,20,65
4040,86,16,63
4041,99,21,71
4042,62,25,62
4043,95,10,66
4044,82,22,65
4045,70,26,66
4046,98,18,71
4047,79,24,68
4048,73,37,72
4049,67,19,66
4050,70,22,66
4051,93,16,67
4052,85,21,71
4053,97,23,72
4054,69,21,64
4055,65,14,60
4056,60,21,64
4057,80,29,70
4058,100,23,72
4059,88,26,68
4060,72,19,62
4061,95,24,68
4062,91,22,72
4063,61,14,60
4064,93,22,72
4065,72,14,65
4066,66,16,63
4067,69,21,66
4068,79,22,65
4069,77,13,65
4070,72,26,67
4071,67,23,65
4072,90,16,67
4073,100,11,66
4074,91,19,71
4075,72,17,64
4076,70,21,61
4077,69,18,65
4078,65,8,61
4079,82,18,64
4080,84,18,69
4081,88,24,71
4082,87,16,70
4083,72,30,70
4084,73,9,62
4085,87,28,73
4086,74,19,66
4087,69,25,66
4088,75,20,66
4089,71,27,66
4090,64,18,65
4091,93,13,67
4092,94,29,76
4093,69,19,66
4094,63,21,63
4095,90,27,71
4096,68,14,63
4097,76,24,67
4098,63,16,63
4099,69,19,66
4100,92,20,72
4101,92,11,70
4102,68,15,62
4103,73,28,69
4104,65,25,66
4105,63,20,64
4106,100,21,70
4107,86,18,67
4108,82,28,71
4109,91,19,69
4110,94,21,70
4111,92,27,70
4112,61,15,61
4113,67,29,65
4114,86,11,67
4115,75,30,70
4116,99,18,67
4117,87,19,68
4118,98,9,69
4119,68,17,65
4120,95,14,68
4121,73,16,67
4122,100,19,70
4123,66,26,68
4124,81,21,69
4125,92,22,70
4126,77,13,67
4127,79,15,70
4128,99,31,74
4129,77,16,63
4130,84,30,72
4131,62,19,62
4132,94,20,71
4133,86,26,68
4134,76,28,72
4135,61,19,64
4136,84,18,64
4137,61,20,63
4138,60,22,66
4139,85,25,71
4140,68,20,70
4141,68,24,67
4142,86,30,73
4143,62,22,64
4144,73,22,65
4145,66,11,62
4146,83,4,64
4147,86,22,67
4148,89,19,74
4149,70,17,63
4150,64,21,64
4151,63,20,64
4152,77,27,70
4153,98,21,71
4154,69,16,63
4155,70,26,66
4156,64,19,65
4157,84,23,70
4158,87,17,65
4159,86,16,68
4160,94,21,72
4161,79,20,67
4162,65,23,65
4163,72,18,66
4164,86,9,67
4165,85,17,65
4166,81,25,68
4167,87,18,68
4168,85,19,69
4169,95,26,71
4170,83,16,64
4171,91,11,65
4172,70,19,64
4173,87,17,67
4174,96,14,70
4175,75,19,66
4176,91,23,70
4177,89,20,70
4178,62,22,64
4179,83,31,71
4180,65,18,63
4181,99,22,72
4182,92,17,72
4183,64,15,61
4184,65,16,63
4185,84,17,67
4186,74,22,67
4187,61,34,65
4188,82,16,64
4189,76,18,69
4190,64,20,65
4191,92,22,71
4192,97,22,70
4193,90,28,98
4194,93,5,65
4195,69,6,63
4196,71,17,61
4197,68,27,67
4198,91,11,64
4199,98,2,65
4200,89,23,73
4201,95,21,69
4202,86,13,67
4203,76,14,63
4204,77,14,67
4205,63,21,66
4206,61,16,64
4207,88,23,68
4208,78,3,61
4209,82,15,66
4210,82,13,65
4211,71,18,65
4212,79,17,67
4213,79,25,68
4214,76,9,63
4215,93,20,70
4216,78,23,68
4217,84,31,69
4218,96,17,67
4219,95,22,69
4220,96,9,65
4221,71,6,61
4222,61,25,65
4223,70,20,67
4224,71,27,66
4225,96,12,69
4226,86,23,71
4227,63,31,68
4228,65,23,65
4229,66,22,64
4230,85,20,68
4231,89,11,64
4232,94,28,71
4233,98,16,70
4234,68,23,68
4235,72,11,63
4236,70,13,61
4237,74,29,66
4238,97,18,75
4239,83,29,71
4240,90,20,69
4241,80,9,62
4242,61,25,65
4243,63,16,61
4244,82,24,69
4245,89,20,66
4246,69,11,64
4247,89,21,69
4248,92,33,78
4249,76,23,68
4250,90,20,70
4251,76,26,68
4252,87,21,68
4253,91,21,69
4254,100,13,68
4255,74,21,80
4256,76,26,67
4257,67,15,64
4258,68,29,64
4259,88,19,68
4260,97,15,67
4261,76,26,65
4262,67,18,66
4263,71,25,67
4264,78,18,64
4265,72,20,66
4266,69,23,63
4267,89,22,71
4268,60,8,62
4269,82,13,64
4270,92,26,72
4271,71,19,65
4272,84,17,67
4273,87,12,65
4274,86,14,63
4275,78,8,65
4276,74,19,67
4277,93,16,67
4278,90,14,65
4279,73,20,64
4280,64,22,64
4281,63,33,69
4282,64,11,60
4283,83,27,70
4284,62,26,66
4285,73,15,66
4286,90,21,68
4287,72,17,62
4288,91,21,70
4289,90,29,72
4290,70,24,64
4291,89,23,71
4292,90,17,67
4293,76,11,64
4294,68,19,64
4295,81,27,72
4296,97,11,66
4297,86,14,68
4298,67,21,95
4299,87,14,64
4300,77,15,64
4301,84,17,68
4302,89,12,67
4303,81,14,67
4304,93,24,71
4305,89,12,63
4306,85,10,66
4307,66,16,65
4308,93,24,68
4309,97,19,68
4310,65,17,62
4311,80,20,67
4312,70,10,65
4313,90,23,71
4314,89,22,71
4315,66,18,61
4316,95,26,70
4317,67,13,60
4318,92,27,70
4319,78,21,67
4320,73,18,66
4321,66,20,63
4322,67,19,65
4323,86,27,75
4324,82,14,66
4325,65,15,61
4326,65,26,65
4327,63,16,61
4328,90,25,73
4329,88,30,73
4330,62,18,63
4331,82,24,67
4332,63,13,62
4333,96,25,71
4334,96,21,70
4335,88,23,70
4336,97,16,69
4337,92,10,66
4338,93,23,72
4339,83,8,63
4340,72,18,65
4341,69,26,71
4342,73,21,66
4343,85,32,69
4344,67,26,62
4345,70,16,66
4346,79,20,66
4347,69,20,64
4348,84,11,63
4349,97,14,68
4350,90,17,68
4351,87,8,67
4352,83,20,67
4353,80,19,68
4354,67,10,65
4355,96,22,74
4356,70,24,85
4357,64,21,64
4358,90,18,67
4359,67,24,68
4360,75,24,67
4361,61,22,65
4362,65,15,63
4363,67,22,64
4364,62,27,62
4365,86,16,68
4366,93,33,75
4367,75,17,63
4368,95,20,68
4369,69,16,63
4370,73,21,68
4371,66,10,62
4372,85,17,67
4373,77,13,66
4374,85,21,65
4375,90,26,69
4376,82,24,70
4377,85,6,64
4378,97,32,75
4379,72,22,66
4380,74,15,62
4381,89,21,70
4382,84,21,68
4383,67,16,66
4384,75,21,65
4385,79,16,68
4386,77,18,68
4387,67,16,62
4388,97,11,66
4389,90,21,68
4390,79,24,69
4391,87,23,67
4392,96,25,74
4393,65,22,61
4394,70,17,64
4395,82,25,69
4396,92,12,66
4397,61,15,61
4398,99,14,71
4399,78,26,71
4400,74,26,69
4401,72,23,66
4402,67,26,64
4403,92,15,68
4404,98,22,71
4405,77,19,66
4406,98,25,94
4407,93,19,68
4408,79,18,66
4409,87,23,70
4410,77,25,68
4411,82,16,65
4412,62,20,64
4413,88,14,69
4414,62,5,59
4415,93,21,70
4416,93,24,72
4417,69,22,64
4418,73,8,63
4419,79,18,67
4420,84,7,62
4421,71,28,69
4422,84,13,66
4423,72,28,66
4424,62,26,63
4425,60,15,62
4426,64,13,58
4427,92,22,67
4428,98,15,68
4429,77,21,67
4430,81,17,67
4431,66,9,62
4432,82,7,66
4433,66,21,65
4434,84,17,67
4435,97,17,69
4436,68,24,67
4437,91,27,69
4438,61,18,62
4439,75,18,67
4440,64,23,63
4441,74,12,65
4442,67,21,66
4443,75,23,71
4444,77,24,70
4445,72,8,68
4446,86,15,67
4447,97,15,71
4448,76,21,65
4449,68,23,64
4450,71,29,69
4451,94,17,68
4452,83,17,67
4453,78,27,71
4454,66,22,64
4455,78,28,69
4456,71,22,68
4457,98,13,69
4458,95,12,67
4459,63,11,58
4460,81,24,66
4461,69,27,69
4462,76,31,70
4463,95,25,70
4464,81,27,70
4465,73,17,66
4466,68,13,61
4467,92,25,71
4468,85,23,69
4469,79,21,69
4470,69,22,65
4471,73,22,69
4472,98,28,74
4473,81,28,71
4474,76,23,68
4475,81,25,69
4476,91,23,68
4477,74,17,63
4478,67,25,68
4479,83,12,67
4480,87,26,71
4481,89,13,66
4482,95,22,69
4483,75,15,68
4484,63,23,63
4485,98,20,69
4486,77,10,66
4487,85,23,71
4488,87,17,68
4489,82,25,69
4490,68,20,65
4491,90,22,68
4492,92,14,67
4493,82,16,65
4494,80,17,65
4495,65,25,64
4496,63,30,69
4497,74,15,64
4498,72,26,66
4499,98,7,65
4500,91,13,69
4501,86,14,66
4502,81,12,64
4503,67,10,61
4504,99,22,72
4505,75,19,67
4506,64,22,63
4507,80,24,69
4508,95,22,70
4509,95,24,71
4510,60,20,60
4511,95,13,70
4512,71,26,69
4513,62,16,63
4514,94,14,69
4515,95,19,71
4516,84,15,68
4517,83,17,64
4518,93,22,68
4519,91,22,69
4520,96,15,65
4521,82,17,68
4522,99,26,74
4523,100,23,72
4524,65,32,67
4525,94,27,73
4526,80,27,68
4527,76,12,61
4528,85,25,70
4529,62,20,62
4530,80,17,67
4531,95,21,69
4532,69,26,93
4533,77,23,68
4534,98,15,69
4535,77,24,68
4536,74,16,64
4537,78,21,69
4538,81,18,66
4539,85,19,68
4540,92,25,72
4541,78,14,63
4542,93,32,73
4543,81,9,65
4544,74,16,65
4545,86,22,68
4546,89,24,70
4547,82,19,65
4548,62,20,66
4549,67,22,66
4550,71,19,65
4551,71,28,69
4552,87,25,69
4553,61,25,64
4554,90,14,66
4555,71,20,63
4556,72,18,68
4557,81,14,68
4558,69,22,65
4559,95,17,69
4560,63,24,66
4561,78,14,63
4562,94,30,72
4563,85,15,67
4564,72,21,67
4565,77,25,68
4566,88,17,71
4567,99,25,73
4568,96,13,68
4569,74,29,69
4570,100,20,69
4571,60,16,63
4572,61,18,62
4573,93,25,70
4574,68,16,66
4575,62,16,62
4576,69,19,64
4577,77,13,63
4578,89,31,71
4579,85,17,67
4580,70,25,67
4581,80,21,67
4582,97,14,71
4583,93,20,69
4584,73,25,93
4585,99,19,72
4586,88,27,71
4587,62,26,63
4588,61,26,65
4589,67,17,61
4590,89,14,66
4591,67,16,61
4592,80,21,67
4593,64,23,64
4594,97,7,69
4595,74,20,64
4596,96,21,70
4597,98,18,73
4598,60,28,63
4599,79,23,68
4600,61,28,64
4601,96,19,69
4602,81,26,69
4603,63,30,67
4604,64,28,69
4605,75,13,62
4606,98,18,66
4607,88,18,68
4608,95,23,71
4609,75,24,66
4610,62,15,62
4611,99,20,68
4612,61,8,59
4613,98,29,70
4614,75,17,66
4615,60,20,65
4616,88,18,66
4617,99,27,73
4618,99,3,65
4619,66,20,65
4620,67,19,64
4621,83,17,69
4622,85,30,74
4623,90,15,68
4624,67,25,65
4625,98,22,72
4626,86,28,71
4627,94,16,69
4628,82,16,67
4629,77,27,71
4630,99,23,68
4631,83,11,63
4632,95,17,69
4633,98,22,68
4634,87,25,73
4635,82,16,69
4636,60,3,58
4637,62,23,65
4638,68,13,63
4639,67,8,59
4640,70,3,58
4641,72,25,66
4642,74,21,67
4643,77,19,67
4644,64,28,67
4645,62,24,65
4646,87,30,71
4647,81,12,66
4648,78,20,68
4649,85,10,65
4650,93,19,71
4651,77,19,64
4652,86,24,72
4653,98,20,69
4654,94,24,70
4655,77,24,66
4656,86,33,70
4657,67,18,62
4658,82,14,66
4659,99,21,70
4660,81,15,63
4661,97,29,73
4662,76,18,70
4663,100,17,71
4664,83,17,65
4665,62,24,64
4666,83,19,66
4667,71,16,82
4668,61,30,68
4669,93,15,67
4670,71,20,68
4671,92,24,69
4672,72,10,63
4673,68,23,66
4674,99,14,68
4675,74,25,71
4676,84,14,69
4677,84,24,70
4678,82,27,70
4679,97,25,73
4680,87,22,68
4681,76,19,65
4682,94,17,72
4683,67,29,67
4684,82,16,68
4685,98,14,69
4686,85,24,70
4687,93,15,69
4688,86,14,68
4689,94,11,65
4690,98,17,70
4691,71,20,65
4692,67,21,61
4693,79,26,69
4694,88,23,67
4695,69,19,65
4696,60,19,63
4697,74,23,67
4698,99,28,76
4699,88,21,70
4700,76,17,67
4701,68,14,66
4702,74,11,65
4703,67,24,65
4704,64,23,63
4705,96,23,74
4706,100,19,72
4707,67,28,68
4708,62,17,62
4709,73,26,65
4710,78,20,69
4711,68,16,61
4712,72,24,67
4713,68,22,66
4714,91,22,70
4715,89,20,72
4716,85,20,69
4717,75,34,68
4718,96,27,74
4719,99,24,70
4720,67,21,67
4721,69,26,68
4722,81,23,69
4723,64,20,66
4724,77,18,66
4725,83,20,68
4726,81,1,60
4727,73,21,69
4728,82,17,66
4729,98,30,77
4730,68,20,63
4731,86,13,66
4732,62,20,64
4733,63,14,63
4734,82,23,68
4735,64,22,65
4736,61,26,65
4737,67,15,64
4738,83,20,68
4739,88,12,62
4740,68,24,67
4741,87,23,73
4742,67,23,69
4743,85,20,65
4744,76,22,66
4745,86,30,73
4746,100,18,72
4747,98,21,72
4748,60,13,61
4749,95,15,69
4750,63,21,66
4751,98,27,74
4752,71,18,64
4753,75,19,66
4754,64,18,64
4755,64,17,66
4756,89,22,72
4757,98,11,71
4758,84,28,70
4759,89,16,67
4760,90,24,71
4761,71,12,63
4762,62,24,64
4763,60,24,64
4764,74,22,65
4765,70,14,65
4766,62,21,62
4767,67,13,65
4768,65,18,64
4769,97,26,74
4770,66,25,67
4771,82,20,66
4772,84,14,70
4773,82,24,68
4774,64,20,64
4775,73,6,58
4776,62,25,65
4777,76,20,68
4778,68,27,64
4779,82,13,66
4780,88,1,92
4781,81,22,69
4782,77,22,68
4783,75,10,63
4784,94,14,64
4785,69,37,68
4786,89,18,67
4787,90,24,68
4788,77,16,66
4789,72,7,66
4790,79,19,68
4791,64,18,64
4792,62,18,63
4793,64,19,62
4794,67,22,66
4795,80,19,65
4796,94,12,66
4797,69,23,66
4798,97,8,69
4799,98,8,67
4800,98,24,75
4801,94,23,73
4802,75,20,66
4803,63,12,61
4804,83,16,68
4805,82,18,67
4806,94,10,66
4807,100,16,69
4808,80,24,69
4809,74,29,67
4810,67,17,65
4811,60,25,63
4812,80,9,63
4813,82,24,66
4814,93,15,66
4815,80,22,69
4816,97,19,72
4817,85,28,70
4818,94,15,68
4819,66,24,66
4820,94,18,67
4821,87,19,68
4822,67,19,62
4823,68,15,64
4824,97,20,71
4825,61,20,65
4826,79,21,69
4827,73,21,65
4828,87,25,71
4829,94,26,69
4830,74,14,65
4831,77,25,66
4832,99,13,68
4833,91,24,72
4834,96,24,74
4835,78,9,64
4836,69,21,64
4837,76,17,63
4838,89,15,66
4839,64,28,67
4840,71,16,64
4841,62,15,62
4842,77,20,66
4843,93,24,71
4844,61,19,63
4845,87,27,72
4846,97,23,71
4847,69,7,61
4848,88,17,71
4849,99,17,69
4850,98,23,74
4851,69,4,61
4852,64,35,68
4853,66,23,67
4854,88,21,70
4855,89,27,69
4856,87,34,72
4857,73,25,66
4858,67,26,67
4859,83,21,70
4860,79,19,68
4861,89,17,68
4862,78,15,65
4863,74,16,63
4864,72,12,62
4865,68,20,66
4866,71,10,62
4867,64,21,61
4868,74,20,63
4869,61,21,65
4870,67,17,64
4871,90,38,74
4872,73,28,70
4873,87,13,63
4874,89,21,68
4875,83,16,69
4876,98,14,70
4877,61,12,62
4878,90,23,71
4879,98,16,69
4880,94,26,69
4881,67,26,68
4882,73,28,65
4883,67,15,65
4884,84,23,65
4885,88,24,72
4886,73,17,63
4887,82,15,68
4888,88,30,72
4889,77,21,66
4890,94,24,71
4891,91,15,67
4892,63,13,61
4893,85,17,70
4894,69,19,64
4895,82,14,64
4896,98,20,68
4897,95,10,70
4898,76,13,65
4899,72,24,67
4900,69,24,65
4901,81,18,65
4902,65,14,65
4903,82,14,66
4904,60,18,62
4905,73,24,63
4906,69,26,63
4907,99,17,70
4908,89,13,67
4909,74,22,66
4910,64,15,63
4911,81,17,66
4912,69,28,67
4913,81,25,68
4914,93,21,67
4915,85,12,66
4916,85,21,71
4917,82,26,69
4918,97,18,72
4919,97,28,70
4920,81,28,68
4921,72,30,68
4922,78,22,67
4923,67,24,62
4924,85,28,67
4925,80,23,69
4926,64,17,64
4927,68,17,66
4928,79,21,69
4929,96,12,70
4930,83,19,69
4931,87,27,72
4932,74,7,61
4933,83,29,68
4934,78,27,68
4935,86,17,66
4936,62,23,65
4937,80,20,66
4938,72,27,67
4939,73,26,68
4940,98,12,67
4941,67,24,63
4942,72,19,64
4943,80,20,66
4944,95,16,69
4945,77,30,70
4946,90,26,72
4947,94,16,71
4948,72,12,63
4949,76,18,68
4950,74,23,67
4951,93,21,69
4952,62,28,65
4953,72,25,69
4954,87,26,71
4955,83,22,67
4956,77,12,64
4957,82,19,68
4958,68,26,67
4959,77,20,62
4960,80,23,68
4961,96,18,72
4962,70,14,61
4963,95,19,67
4964,86,22,70
4965,61,16,59
4966,89,19,70
4967,61,14,60
4968,100,27,74
4969,95,18,68
4970,72,29,67
4971,70,29,67
4972,75,20,66
4973,74,14,63
4974,75,7,62
4975,73,11,64
4976,85,12,68
4977,67,28,65
4978,94,21,71
4979,92,22,68
4980,79,7,62
4981,94,13,68
4982,70,25,68
4983,61,22,67
4984,85,19,67
4985,78,23,70
4986,83,30,69
4987,96,19,70
4988,99,20,69
4989,85,21,70
4990,91,34,72
4991,63,7,59
4992,66,24,64
4993,89,19,72
4994,77,23,70
4995,78,16,63
4996,72,20,66
4997,84,24,72
4998,67,39,71
4999,85,25,71
5000,67,15,62
5001,63,17,62
5002,73,17,64
5003,69,9,65
5004,96,18,68
5005,62,24,67
5006,67,12,61
5007,82,26,68
5008,79,23,68
5009,62,16,62
5010,60,19,62
5011,100,30,74
5012,86,24,68
5013,75,20,66
5014,79,19,67
5015,71,20,65
5016,74,17,66
5017,86,7,67
5018,95,32,76
5019,67,21,66
5020,94,22,68
5021,65,20,63
5022,69,16,65
5023,61,19,63
5024,66,10,59
5025,97,34,74
5026,78,13,62
5027,63,14,59
5028,98,17,71
5029,95,28,73
5030,90,20,68
5031,97,13,68
5032,69,28,66
5033,93,24,69
5034,88,23,70
5035,95,24,74
5036,92,34,75
5037,74,33,71
5038,91,16,71
5039,70,30,65
5040,73,22,65
5041,64,23,65
5042,97,10,67
5043,72,19,67
5044,81,15,67
5045,76,25,71
5046,98,26,72
5047,73,8,62
5048,91,20,70
5049,94,27,72
5050,77,19,64
5051,75,24,66
5052,90,22,69
5053,97,22,71
5054,90,18,68
5055,69,13,63
5056,96,13,71
5057,76,24,65
5058,83,20,66
5059,93,19,68
5060,68,17,61
5061,91,18,71
5062,84,26,70
5063,96,18,66
5064,67,12,61
5065,77,24,67
5066,93,19,72
5067,61,20,65
5068,64,30,68
5069,100,20,70
5070,71,22,63
5071,99,13,69
5072,67,19,62
5073,74,24,71
5074,90,11,64
5075,86,21,69
5076,83,21,71
5077,81,20,63
5078,94,26,72
5079,69,22,66
5080,78,29,69
5081,66,14,60
5082,84,21,68
5083,70,21,65
5084,73,14,67
5085,79,26,66
5086,61,34,68
5087,64,20,63
5088,87,23,73
5089,77,21,66
5090,95,16,67
5091,88,9,66
5092,60,16,60
5093,85,12,67
5094,64,30,67
5095,91,19,70
5096,100,18,69
5097,81,25,68
5098,87,13,67
5099,69,15,63
5100,78,20,70
5101,94,26,71
5102,67,23,67
5103,71,21,64
5104,78,20,66
5105,88,22,70
5106,75,21,65
5107,97,14,68
5108,64,20,65
5109,75,14,65
5110,88,20,69
5111,69,17,63
5112,86,35,70
5113,67,20,64
5114,62,12,62
5115,65,19,66
5116,97,23,73
5117,82,30,72
5118,92,16,68
5119,73,11,62
5120,84,25,67
5121,80,12,62
5122,98,17,72
5123,90,18,67
5124,89,20,68
5125,62,24,65
5126,82,16,79
5127,79,18,66
5128,97,20,68
5129,70,21,65
5130,71,21,67
5131,76,23,67
5132,70,25,67
5133,65,22,68
5134,94,23,72
5135,82,11,65
5136,94,20,65
5137,93,23,70
5138,71,24,67
5139,82,16,68
5140,63,16,63
5141,97,17,68
5142,76,23,69
5143,76,26,66
5144,72,18,64
5145,78,25,69
5146,70,21,62
5147,75,19,65
5148,92,19,70
5149,93,24,72
5150,72,22,66
5151,79,34,70
5152,95,15,67
5153,62,23,65
5154,96,17,68
5155,69,15,62
5156,87,20,68
5157,83,21,69
5158,82,38,72
5159,94,19,65
5160,64,13,63
5161,74,22,68
5162,82,8,62
5163,92,19,69
5164,69,20,65
5165,92,25,74
5166,76,26,70
5167,68,17,65
5168,90,19,70
5169,64,15,59
5170,81,13,63
5171,63,22,64
5172,74,12,63
5173,84,18,67
5174,82,14,65
5175,76,23,67
5176,77,31,73
5177,69,12,64
5178,78,9,65
5179,98,19,72
5180,94,20,72
5181,66,21,66
5182,61,17,62
5183,97,19,68
5184,81,22,67
5185,82,26,69
5186,91,8,67
5187,73,18,63
5188,79,21,65
5189,99,14,71
5190,87,30,70
5191,66,16,68
5192,65,20,65
5193,68,23,68
5194,91,16,69
5195,72,9,62
5196,61,17,62
5197,98,26,72
5198,67,18,64
5199,60,15,58
5200,69,26,66
5201,69,18,64
5202,77,17,68
5203,97,21,69
5204,95,25,71
5205,78,34,71
5206,76,25,67
5207,82,27,71
5208,70,17,64
5209,62,14,62
5210,98,20,70
5211,67,21,63
5212,68,14,66
5213,79,19,65
5214,80,22,69
5215,61,22,63
5216,66,23,64
5217,75,22,66
5218,87,17,67
5219,69,17,66
5220,77,13,65
5221,82,31,72
5222,96,20,70
5223,73,19,67
5224,65,14,64
5225,80,38,72
5226,90,14,65
5227,64,17,62
5228,77,22,67
5229,61,24,64
5230,61,26,63
5231,79,31,72
5232,72,23,66
5233,94,14,70
5234,84,18,66
5235,78,22,70
5236,76,32,67
5237,80,12,64
5238,62,27,67
5239,96,21,72
5240,100,25,72
5241,67,19,68
5242,65,15,64
5243,66,25,66
5244,86,24,68
5245,86,26,66
5246,94,20,70
5247,90,16,70
5248,78,11,62
5249,85,25,69
5250,88,23,69
5251,81,14,66
5252,79,17,68
5253,86,17,71
5254,82,11,64
5255,86,15,67
5256,85,13,68
5257,89,18,67
5258,86,16,68
5259,81,10,69
5260,87,32,71
5261,78,28,68
5262,70,15,65
5263,60,22,63
5264,82,23,65
5265,84,27,72
5266,99,15,67
5267,74,27,69
5268,76,17,67
5269,68,12,64
5270,63,24,62
5271,91,28,71
5272,70,36,70
5273,84,13,64
5274,88,24,69
5275,79,18,65
5276,95,25,73
5277,78,11,64
5278,71,12,64
5279,96,15,70
5280,94,20,70
5281,67,16,64
5282,61,24,64
5283,64,26,66
5284,71,24,66
5285,99,30,74
5286,82,22,69
5287,75,13,67
5288,96,28,73
5289,78,16,66
5290,73,25,67
5291,98,29,75
5292,94,23,73
5293,94,11,67
5294,80,14,65
5295,92,28,71
5296,67,19,63
5297,83,20,68
5298,99,25,72
5299,72,24,67
5300,92,22,71
5301,80,19,67
5302,62,18,66
5303,91,25,72
5304,67,23,64
5305,85,18,68
5306,63,26,65
5307,98,19,74
5308,72,15,65
5309,69,15,63
5310,65,14,65
5311,98,18,70
5312,88,27,71
5313,90,15,66
5314,80,21,69
5315,79,16,67
5316,64,18,64
5317,82,11,67
5318,70,19,67
5319,99,19,70
5320,92,23,71
5321,77,21,68
5322,66,13,65
5323,91,27,70
5324,65,21,64
5325,68,21,67
5326,68,20,63
5327,82,17,65
5328,91,21,70
5329,73,23,67
5330,63,10,60
5331,79,17,64
5332,90,18,65
5333,69,22,64
5334,69,27,67
5335,98,15,71
5336,98,17,69
5337,100,17,70
5338,92,15,69
5339,68,18,69
5340,68,25,64
5341,74,14,63
5342,73,23,67
5343,98,10,66
5344,92,17,69
5345,89,18,69
5346,67,30,69
5347,96,18,72
5348,93,7,65
5349,67,8,63
5350,95,20,69
5351,71,24,69
5352,63,22,64
5353,86,21,69
5354,86,27,72
5355,64,17,62
5356,73,25,66
5357,100,10,65
5358,87,15,69
5359,89,9,65
5360,69,18,67
5361,63,20,63
5362,71,21,66
5363,70,20,61
5364,69,14,64
5365,68,19,64
5366,83,11,65
5367,73,28,68
5368,93,18,69
5369,67,17,61
5370,79,30,72
5371,61,13,61
5372,79,13,66
5373,62,13,60
5374,99,20,69
5375,92,23,72
5376,80,24,69
5377,63,35,71
5378,84,7,64
5379,90,24,71
5380,68,17,64
5381,83,16,67
5382,93,16,67
5383,91,15,66
5384,92,30,73
5385,95,25,73
5386,98,20,70
5387,76,28,70
5388,83,11,62
5389,92,12,68
5390,88,7,65
5391,100,16,73
5392,61,21,65
5393,74,21,66
5394,71,21,64
5395,70,12,63
5396,69,25,62
5397,88,21,70
5398,63,24,65
5399,90,9,64
5400,88,22,70
5401,70,13,62
5402,70,18,67
5403,85,23,66
5404,90,21,74
5405,95,15,69
5406,94,20,70
5407,99,11,68
5408,83,27,70
5409,96,19,71
5410,92,27,73
5411,96,17,69
5412,60,17,61
5413,99,15,68
5414,79,25,66
5415,92,16,67
5416,65,24,64
5417,76,18,67
5418,71,8,61
5419,72,17,65
5420,65,13,62
5421,92,20,69
5422,60,13,61
5423,73,26,69
5424,67,19,64
5425,84,19,65
5426,70,24,64
5427,70,26,68
5428,80,20,67
5429,86,15,68
5430,65,9,61
5431,67,16,69
5432,70,16,64
5433,99,21,74
5434,76,18,66
5435,84,24,68
5436,70,16,65
5437,80,20,66
5438,63,27,66
5439,61,22,65
5440,79,20,67
5441,76,16,65
5442,65,16,63
5443,88,15,67
5444,100,17,70
5445,76,25,68
5446,85,19,66
5447,99,12,67
5448,93,31,72
5449,79,22,68
5450,89,12,66
5451,65,17,62
5452,80,21,65
5453,71,30,67
5454,66,13,62
5455,77,26,66
5456,65,28,67
5457,88,16,68
5458,78,18,66
5459,81,14,68
5460,66,19,62
5461,66,20,64
5462,83,24,68
5463,99,27,71
5464,64,16,63
5465,71,8,62
5466,95,20,69
5467,63,22,62
5468,95,21,71
5469,81,18,69
5470,76,21,66
5471,72,29,64
5472,72,22,65
5473,72,18,68
5474,95,17,69
5475,89,19,68
5476,87,30,71
5477,92,19,66
5478,70,20,65
5479,85,17,68
5480,78,27,72
5481,91,32,75
5482,72,23,67
5483,86,20,67
5484,95,20,70
5485,76,6,64
5486,63,24,65
5487,81,21,68
5488,74,23,67
5489,87,16,66
5490,98,18,69
5491,79,18,64
5492,79,26,68
5493,86,18,68
5494,64,32,65
5495,70,23,65
5496,97,12,65
5497,87,19,67
5498,61,16,63
5499,68,7,62
5500,87,30,73
5501,91,24,72
5502,94,23,71
5503,72,21,67
5504,97,12,66
5505,82,17,68
5506,88,25,70
5507,84,14,66
5508,65,5,56
5509,99,19,71
5510,65,19,64
5511,70,21,65
5512,93,24,70
5513,85,24,70
5514,94,22,71
5515,81,27,70
5516,75,11,62
5517,97,23,72
5518,61,24,62
5519,94,13,67
5520,69,11,58
5521,94,16,69
5522,66,16,60
5523,83,25,72
5524,96,16,66
5525,79,15,66
5526,90,16,69
5527,92,27,70
5528,89,20,70
5529,97,19,70
5530,78,19,67
5531,67,28,67
5532,62,16,59
5533,70,28,67
5534,66,21,65
5535,82,19,68
5536,67,35,71
5537,62,14,61
5538,61,18,63
5539,93,13,67
5540,84,26,69
5541,74,30,70
5542,96,30,69
5543,63,27,66
5544,99,19,70
5545,85,18,67
5546,67,10,61
5547,87,32,74
5548,91,23,70
5549,77,17,66
5550,94,28,73
5551,66,14,62
5552,71,22,65
5553,64,19,62
5554,68,24,64
5555,70,20,63
5556,97,11,69
5557,63,20,63
5558,77,26,67
5559,81,20,65
5560,96,25,71
5561,100,14,71
5562,90,20,69
5563,99,16,71
5564,91,24,68
5565,99,20,70
5566,88,24,71
5567,63,27,68
5568,76,24,69
5569,86,22,71
5570,74,14,63
5571,71,20,66
5572,83,17,67
5573,97,18,71
5574,61,18,59
5575,91,14,67
5576,89,8,66
5577,99,16,72
5578,97,21,70
5579,90,12,68
5580,81,20,63
5581,68,31,69
5582,82,26,67
5583,91,30,75
5584,96,22,67
5585,92,27,74
5586,68,16,66
5587,84,16,65
5588,73,4,60
5589,60,27,63
5590,68,29,69
5591,65,17,64
5592,94,18,68
5593,70,15,63
5594,71,22,65
5595,98,27,74
5596,75,10,65
5597,60,22,61
5598,71,18,66
5599,65,21,67
5600,64,23,66
5601,63,19,69
5602,84,19,65
5603,68,19,65
5604,74,26,66
5605,94,23,73
5606,77,21,64
5607,97,12,67
5608,80,18,67
5609,76,25,68
5610,90,20,71
5611,63,24,64
5612,64,31,67
5613,86,26,68
5614,79,21,67
5615,92,17,70
5616,97,5,64
5617,76,19,63
5618,84,18,71
5619,80,22,64
5620,99,19,70
5621,93,18,70
5622,96,9,67
5623,70,14,62
5624,91,23,69
5625,71,30,69
5626,68,19,62
5627,98,22,70
5628,61,26,66
5629,99,15,69
5630,66,22,65
5631,93,16,66
5632,71,25,69
5633,74,21,66
5634,69,22,65
5635,83,15,66
5636,74,24,63
5637,86,33,72
5638,61,14,62
5639,63,18,64
5640,64,21,61
5641,77,25,70
5642,93,17,67
5643,96,3,66
5644,70,28,66
5645,83,25,68
5646,91,10,67
5647,72,16,65
5648,76,29,70
5649,81,29,69
5650,65,26,68
5651,61,19,61
5652,66,20,65
5653,85,19,71
5654,63,27,66
5655,68,15,62
5656,74,15,61
5657,63,26,67
5658,68,20,66
5659,96,28,71
5660,61,16,62
5661,86,20,67
5662,75,14,64
5663,87,20,68
5664,84,11,67
5665,69,17,63
5666,94,11,70
5667,80,24,67
5668,93,24,71
5669,76,10,62
5670,99,28,75
5671,91,35,72
5672,99,20,73
5673,81,16,64
5674,79,37,73
5675,90,12,66
5676,95,20,69
5677,99,21,70
5678,73,28,70
5679,92,22,71
5680,68,17,64
5681,82,14,71
5682,67,18,63
5683,74,14,68
5684,97,20,71
5685,66,17,65
5686,85,11,66
5687,84,28,72
5688,65,17,65
5689,73,12,60
5690,83,19,67
5691,67,20,65
5692,92,10,64
5693,99,22,72
5694,69,14,62
5695,67,30,67
5696,78,23,67
5697,90,18,69
5698,71,16,65
5699,61,19,62
5700,82,24,69
5701,98,20,72
5702,76,19,63
5703,77,20,64
5704,99,16,67
5705,88,18,70
5706,89,7,64
5707,83,26,69
5708,99,22,72
5709,88,15,69
5710,96,31,75
5711,88,21,67
5712,89,14,67
5713,72,25,66
5714,72,22,64
5715,91,22,68
5716,72,17,66
5717,83,23,69
5718,70,18,65
5719,93,23,70
5720,64,9,57
5721,93,17,69
5722,84,30,70
5723,67,15,63
5724,82,16,66
5725,71,17,64
5726,73,13,65
5727,74,7,64
5728,63,19,62
5729,99,21,71
5730,61,20,64
5731,86,19,72
5732,75,20,64
5733,86,26,71
5734,74,19,68
5735,87,17,68
5736,89,18,68
5737,88,23,69
5738,65,28,67
5739,86,16,66
5740,71,21,65
5741,61,22,63
5742,77,14,62
5743,77,20,67
5744,79,11,65
5745,88,9,66
5746,72,22,66
5747,73,18,64
5748,62,21,67
5749,87,20,67
5750,83,14,61
5751,74,20,66
5752,88,13,66
5753,81,28,67
5754,79,12,64
5755,80,19,64
5756,85,14,67
5757,86,23,68
5758,72,18,64
5759,66,17,63
5760,66,25,68
5761,86,20,64
5762,95,23,70
5763,76,14,64
5764,67,12,59
5765,90,21,71
5766,93,18,67
5767,95,24,73
5768,84,20,66
5769,94,21,73
5770,61,10,62
5771,64,31,69
5772,64,19,66
5773,89,24,68
5774,63,15,65
5775,80,22,67
5776,79,12,64
5777,72,23,67
5778,95,18,66
5779,67,20,68
5780,74,24,68
5781,91,13,64
5782,61,16,63
5783,87,23,72
5784,93,33,75
5785,97,19,71
5786,95,24,71
5787,73,19,66
5788,83,32,71
5789,63,10,61
5790,70,21,65
5791,64,10,58
5792,73,5,62
5793,95,22,69
5794,74,21,65
5795,82,18,69
5796,77,19,68
5797,78,39,70
5798,99,18,72
5799,72,23,66
5800,85,16,68
5801,77,22,67
5802,62,19,61
5803,80,18,64
5804,93,31,74
5805,64,27,64
5806,63,21,64
5807,66,6,61
5808,91,18,71
5809,89,36,72
5810,83,19,68
5811,79,27,69
5812,96,29,74
5813,91,21,70
5814,92,15,69
5815,93,5,64
5816,86,24,71
5817,78,15,65
5818,95,21,71
5819,97,13,71
5820,61,18,66
5821,62,20,64
5822,98,22,70
5823,71,13,61
5824,95,27,71
5825,76,16,65
5826,65,10,59
5827,63,19,63
5828,66,20,64
5829,70,21,63
5830,80,28,70
5831,88,19,70
5832,99,19,72
5833,78,13,65
5834,81,25,71
5835,81,21,70
5836,82,17,66
5837,81,9,64
5838,60,29,64
5839,60,13,59
5840,64,16,65
5841,64,22,66
5842,88,13,67
5843,68,11,62
5844,96,7,65
5845,97,24,73
5846,99,17,70
5847,98,38,75
5848,71,14,66
5849,80,14,65
5850,67,17,64
5851,92,21,70
5852,96,17,71
5853,94,24,68
5854,77,14,64
5855,90,12,67
5856,64,9,65
5857,62,7,62
5858,90,17,68
5859,77,18,66
5860,100,16,69
5861,64,27,68
5862,94,27,71
5863,79,18,68
5864,93,9,64
5865,93,17,66
5866,97,16,70
5867,72,16,60
5868,98,16,69
5869,66,16,65
5870,63,18,66
5871,77,16,64
5872,93,21,71
5873,79,22,66
5874,93,15,66
5875,89,28,68
5876,68,14,63
5877,98,10,66
5878,62,22,61
5879,96,15,70
5880,72,22,68
5881,80,6,65
5882,77,28,69
5883,67,24,67
5884,74,11,62
5885,68,11,61
5886,68,30,70
5887,67,16,65
5888,80,15,65
5889,92,6,66
5890,83,18,66
5891,96,19,69
5892,85,24,70
5893,88,12,63
5894,87,11,64
5895,78,23,65
5896,88,26,71
5897,63,11,61
5898,94,26,69
5899,91,20,69
5900,70,27,66
5901,91,20,72
5902,61,5,60
5903,69,19,62
5904,63,26,66
5905,91,15,69
5906,90,18,69
5907,93,19,71
5908,60,3,57
5909,80,30,72
5910,88,15,66
5911,66,23,66
5912,86,19,70
5913,63,28,67
5914,67,22,65
5915,79,19,63
5916,86,15,68
5917,66,25,63
5918,67,9,63
5919,68,24,68
5920,70,13,60
5921,69,28,67
5922,76,21,65
5923,86,24,68
5924,78,20,62
5925,91,9,65
5926,89,15,66
5927,65,24,67
5928,62,21,60
5929,95,27,74
5930,63,22,62
5931,66,14,61
5932,61,15,63
5933,85,21,66
5934,83,6,65
5935,99,30,72
5936,95,23,70
5937,76,27,71
5938,75,11,64
5939,72,27,70
5940,66,33,68
5941,66,12,61
5942,65,25,68
5943,65,20,64
5944,70,11,64
5945,72,23,71
5946,98,25,72
5947,83,16,66
5948,100,27,74
5949,75,10,65
5950,78,11,64
5951,73,21,69
5952,67,20,62
5953,66,16,62
5954,98,25,72
5955,99,23,73
5956,62,25,64
5957,66,19,65
5958,77,24,70
5959,67,17,66
5960,75,32,70
5961,65,15,63
5962,78,33,69
5963,71,20,64
5964,74,12,63
5965,64,28,66
5966,77,21,68
5967,99,25,97
5968,73,27,67
5969,95,22,71
5970,94,16,66
5971,98,26,72
5972,92,20,70
5973,86,24,69
5974,94,7,66
5975,63,23,69
5976,79,16,65
5977,100,30,75
5978,91,24,70
5979,98,21,70
5980,91,23,69
5981,95,14,68
5982,88,30,73
5983,90,32,74
5984,81,22,66
5985,97,30,74
5986,93,17,67
5987,94,15,67
5988,87,20,70
5989,72,23,67
5990,61,18,80
5991,97,23,70
5992,83,22,71
5993,72,14,64
5994,66,23,68
5995,93,25,68
5996,93,21,69
5997,93,27,72
5998,86,13,65
5999,75,23,64
6000,72,13,64
6001,60,13,58
6002,93,16,69
6003,63,14,61
6004,85,17,68
6005,80,19,66
6006,81,25,68
6007,97,18,70
6008,61,10,62
6009,91,27,71
6010,62,15,61
6011,62,20,64
6012,77,23,65
6013,63,21,63
6014,92,27,74
6015,81,23,68
6016,61,15,65
6017,62,33,66
6018,85,21,69
6019,92,19,69
6020,78,26,70
6021,82,21,70
6022,92,22,71
6023,84,35,72
6024,69,18,61
6025,85,18,68
6026,85,21,66
6027,89,26,70
6028,85,11,63
6029,99,8,68
6030,68,16,62
6031,98,10,69
6032,82,17,69
6033,87,23,72
6034,64,15,64
6035,75,11,63
6036,91,20,70
6037,88,25,69
6038,62,10,61
6039,82,25,70
6040,64,25,64
6041,100,26,76
6042,96,27,73
6043,61,33,67
6044,94,18,69
6045,97,21,72
6046,74,18,66
6047,89,20,70
6048,78,29,73
6049,86,12,68
6050,74,15,66
6051,73,28,67
6052,77,26,67
6053,66,18,62
6054,93,25,72
6055,74,22,65
6056,76,29,69
6057,96,20,69
6058,80,26,69
6059,82,36,69
6060,98,24,69
6061,95,20,70
6062,67,24,67
6063,79,18,69
6064,99,34,75
6065,75,21,66
6066,75,18,63
6067,68,15,64
6068,65,27,66
6069,90,25,72
6070,91,17,71
6071,99,23,70
6072,91,11,67
6073,70,21,65
6074,62,23,65
6075,99,30,73
6076,74,15,66
6077,72,12,62
6078,96,15,71
6079,83,12,66
6080,69,28,65
6081,96,29,75
6082,100,22,74
6083,63,27,65
6084,94,21,71
6085,76,19,65
6086,81,18,65
6087,97,18,67
6088,99,11,67
6089,70,22,66
6090,69,20,67
6091,63,24,66
6092,82,21,65
6093,61,19,59
6094,76,15,69
6095,63,20,63
6096,76,24,65
6097,62,13,61
6098,93,21,68
6099,68,21,65
6100,73,16,61
6101,95,16,69
6102,90,21,72
6103,69,13,59
6104,63,22,63
6105,89,15,69
6106,76,26,67
6107,91,34,70
6108,78,15,67
6109,74,23,66
6110,78,16,68
6111,90,26,71
6112,96,12,69
6113,62,23,65
6114,81,15,66
6115,61,19,66
6116,79,14,67
6117,95,25,74
6118,74,15,66
6119,97,23,72
6120,85,18,69
6121,97,19,68
6122,90,21,71
6123,64,15,61
6124,69,21,65
6125,76,29,71
6126,67,15,59
6127,80,27,71
6128,79,29,72
6129,98,15,71
6130,77,11,61
6131,91,22,67
6132,98,17,67
6133,95,31,74
6134,68,20,66
6135,80,15,63
6136,74,13,63
6137,76,27,68
6138,74,17,65
6139,93,20,66
6140,78,26,67
6141,81,17,67
6142,99,20,70
6143,62,20,65
6144,80,24,68
6145,91,24,70
6146,66,19,66
6147,84,20,69
6148,70,18,65
6149,95,11,68
6150,73,22,65
6151,73,31,70
6152,84,15,65
6153,67,15,67
6154,71,15,64
6155,77,24,68
6156,74,23,70
6157,81,19,64
6158,84,14,67
6159,83,21,68
6160,86,11,67
6161,72,21,66
6162,65,25,66
6163,90,12,66
6164,94,11,67
6165,70,29,69
6166,76,16,65
6167,80,27,68
6168,81,19,67
6169,86,19,69
6170,62,23,64
6171,89,15,67
6172,62,21,67
6173,79,18,67
6174,93,12,67
6175,78,22,68
6176,66,18,65
6177,99,19,70
6178,96,13,68
6179,91,30,72
6180,76,25,67
6181,67,26,66
6182,98,18,68
6183,81,10,64
6184,94,32,75
6185,74,20,66
6186,73,16,67
6187,99,23,71
6188,81,27,68
6189,66,20,65
6190,69,28,67
6191,79,26,66
6192,62,14,60
6193,79,16,64
6194,77,26,69
6195,91,4,64
6196,74,19,66
6197,99,11,72
6198,67,17,60
6199,84,18,69
6200,64,18,62
6201,89,17,70
6202,100,13,65
6203,93,34,77
6204,82,31,71
6205,79,13,66
6206,93,29,74
6207,97,18,70
6208,100,21,69
6209,76,20,64
6210,100,16,69
6211,66,26,68
6212,70,21,63
6213,64,17,61
6214,71,12,61
6215,91,15,65
6216,94,10,65
6217,91,20,69
6218,85,13,69
6219,81,18,65
6220,88,28,72
6221,76,27,69
6222,94,20,71
6223,87,19,67
6224,88,31,72
6225,81,23,70
6226,95,18,68
6227,70,11,66
6228,75,22,68
6229,91,25,71
6230,80,16,63
6231,96,22,70
6232,74,18,65
6233,75,19,70
6234,96,5,65
6235,79,19,68
6236,81,26,69
6237,73,16,66
6238,71,20,62
6239,86,15,70
6240,65,22,65
6241,95,19,71
6242,91,14,68
6243,68,28,65
6244,88,26,70
6245,84,16,69
6246,67,23,66
6247,71,23,66
6248,76,24,67
6249,88,10,63
6250,86,26,70
6251,81,17,65
6252,91,18,70
6253,90,36,74
6254,85,22,69
6255,91,18,68
6256,73,7,64
6257,95,28,73
6258,85,12,66
6259,93,14,65
6260,82,18,66
6261,69,28,67
6262,82,25,67
6263,75,19,66
6264,88,22,69
6265,79,16,69
6266,93,21,68
6267,87,20,64
6268,87,26,70
6269,69,26,67
6270,99,23,68
6271,94,18,67
6272,92,24,73
6273,73,19,65
6274,81,14,69
6275,65,18,63
6276,82,21,68
6277,66,25,64
6278,82,19,68
6279,86,13,66
6280,76,20,65
6281,80,21,69
6282,95,21,69
6283,64,26,64
6284,92,26,74
6285,67,16,64
6286,61,16,63
6287,67,14,64
6288,91,24,71
6289,76,29,68
6290,95,18,72
6291,81,19,67
6292,61,29,64
6293,89,23,70
6294,64,23,65
6295,92,13,69
6296,67,24,65
6297,74,14,66
6298,90,13,67
6299,98,18,68
6300,75,16,65
6301,93,19,68
6302,68,11,63
6303,92,26,71
6304,86,27,71
6305,68,8,65
6306,72,26,65
6307,65,15,61
6308,75,25,68
6309,68,20,65
6310,86,20,66
6311,100,19,69
6312,60,27,65
6313,82,13,65
6314,83,24,70
6315,97,27,70
6316,80,24,67
6317,82,34,75
6318,79,17,65
6319,71,26,66
6320,62,19,67
6321,76,27,67
6322,62,20,62
6323,82,18,66
6324,72,28,66
6325,81,17,64
6326,65,12,60
6327,97,17,70
6328,96,24,72
6329,68,28,67
6330,74,21,67
6331,85,28,72
6332,64,12,63
6333,74,17,60
6334,70,18,65
6335,97,19,72
6336,94,21,70
6337,83,24,71
6338,81,17,66
6339,97,21,72
6340,97,20,73
6341,99,14,71
6342,65,19,64
6343,66,19,66
6344,87,19,69
6345,82,20,66
6346,61,20,63
6347,62,17,62
6348,96,28,98
6349,95,13,71
6350,74,16,66
6351,96,37,75
6352,84,14,68
6353,92,12,69
6354,77,24,68
6355,65,8,60
6356,77,19,64
6357,78,33,71
6358,82,11,69
6359,64,8,60
6360,100,11,70
6361,70,25,66
6362,68,27,68
6363,81,17,67
6364,81,24,70
6365,78,28,69
6366,91,31,75
6367,81,19,65
6368,84,6,65
6369,89,15,66
6370,61,17,64
6371,83,18,66
6372,95,19,70
6373,61,27,63
6374,76,28,66
6375,97,19,71
6376,74,27,68
6377,78,22,68
6378,99,20,71
6379,68,25,63
6380,63,20,60
6381,94,32,73
6382,95,11,68
6383,79,17,70
6384,81,19,66
6385,93,23,72
6386,90,28,70
6387,71,20,68
6388,61,11,60
6389,79,25,68
6390,94,25,74
6391,96,8,68
6392,98,20,72
6393,95,10,69
6394,83,16,98
6395,78,15,68
6396,91,25,70
6397,90,21,69
6398,82,12,64
6399,63,25,65
6400,97,11,69
6401,78,22,67
6402,75,15,65
6403,85,18,70
6404,87,23,68
6405,68,23,65
6406,93,28,74
6407,72,20,65
6408,67,22,65
6409,76,17,68
6410,89,21,68
6411,99,23,74
6412,92,19,71
6413,98,9,67
6414,66,22,64
6415,63,22,61
6416,82,16,66
6417,72,12,61
6418,93,29,73
6419,87,23,70
6420,99,19,70
6421,70,13,63
6422,79,15,69
6423,80,28,72
6424,70,21,66
6425,84,17,68
6426,78,23,67
6427,78,15,65
6428,75,29,68
6429,61,28,68
6430,81,17,69
6431,73,16,66
6432,60,4,58
6433,72,11,60
6434,71,12,67
6435,76,21,65
6436,65,18,62
6437,80,12,65
6438,88,18,69
6439,85,23,70
6440,92,23,70
6441,78,9,63
6442,81,19,69
6443,92,12,64
6444,77,25,69
6445,88,25,70
6446,77,15,64
6447,77,15,65
6448,90,17,70
6449,67,6,60
6450,74,22,68
6451,69,18,61
6452,74,26,68
6453,69,13,61
6454,83,16,64
6455,92,11,66
6456,91,14,70
6457,75,13,65
6458,100,26,74
6459,84,16,66
6460,76,21,65
6461,93,18,69
6462,89,12,69
6463,90,19,69
6464,68,24,66
6465,79,13,63
6466,94,25,69
6467,80,15,65
6468,87,17,67
6469,84,23,66
6470,94,16,67
6471,71,20,65
6472,83,18,69
6473,65,21,65
6474,88,6,67
6475,89,9,66
6476,62,24,64
6477,87,26,70
6478,77,15,65
6479,65,19,65
6480,77,22,64
6481,68,24,64
6482,77,8,61
6483,75,15,65
6484,90,18,68
6485,91,24,70
6486,84,35,74
6487,61,19,60
6488,97,12,71
6489,87,22,70
6490,61,28,67
6491,93,21,68
6492,68,15,64
6493,83,26,67
6494,79,24,65
6495,77,14,66
6496,96,22,72
6497,77,26,69
6498,63,27,65
6499,98,20,71
6500,97,18,72
6501,87,27,70
6502,79,13,63
6503,64,23,66
6504,92,12,67
6505,63,26,67
6506,63,18,62
6507,81,28,72
6508,66,23,69
6509,60,13,61
6510,77,29,67
6511,65,29,66
6512,66,25,68
6513,63,15,62
6514,68,18,63
6515,89,21,70
6516,92,16,68
6517,78,30,71
6518,80,21,65
6519,61,4,59
6520,63,22,64
6521,70,18,67
6522,82,20,68
6523,90,18,95
6524,84,25,70
6525,76,27,68
6526,65,22,65
6527,91,18,70
6528,75,20,67
6529,89,20,69
6530,81,15,68
6531,90,23,72
6532,96,23,71
6533,97,29,75
6534,81,28,70
6535,80,16,66
6536,71,25,67
6537,97,14,70
6538,78,24,71
6539,65,17,64
6540,77,14,65
6541,65,22,64
6542,80,4,62
6543,82,9,64
6544,74,19,66
6545,63,20,64
6546,98,18,71
6547,91,11,68
6548,94,15,70
6549,75,22,66
6550,90,23,71
6551,79,20,68
6552,68,27,66
6553,65,22,66
6554,74,16,65
6555,66,18,64
6556,100,12,67
6557,62,19,65
6558,78,27,69
6559,78,24,69
6560,72,28,69
6561,83,18,68
6562,66,28,67
6563,91,19,68
6564,73,29,65
6565,84,20,69
6566,89,24,73
6567,96,29,76
6568,93,19,69
6569,84,21,69
6570,76,28,68
6571,80,19,70
6572,91,12,64
6573,95,33,73
6574,64,17,64
6575,75,21,65
6576,91,27,69
6577,77,16,62
6578,73,14,64
6579,76,22,64
6580,84,9,67
6581,100,18,69
6582,80,21,67
6583,68,18,65
6584,67,11,63
6585,62,30,66
6586,82,21,70
6587,82,29,70
6588,68,18,67
6589,88,15,65
6590,90,22,70
6591,70,19,66
6592,74,13,66
6593,100,29,72
6594,75,16,64
6595,90,9,70
6596,78,28,71
6597,92,17,66
6598,91,16,70
6599,87,9,64
6600,94,30,70
6601,98,12,67
6602,83,20,65
6603,69,25,68
6604,76,23,69
6605,90,20,68
6606,86,10,68
6607,67,15,64
